,Nationality Country,Age_mean,Age_min,Age_max,Overall_mean,Overall_min,Overall_max,Potential_mean,Potential_min,Potential_max,International Reputation_mean,International Reputation_min,International Reputation_max,Wage_mean,Wage_min,Wage_max,Value_mean,Value_min,Value_max,Release Clause_mean,Release Clause_min,Release Clause_max,Lat,Lng
0,Afghanistan,22.5,20,26,61.0,59,63,67.75,64,71,1.0,1.0,1.0,1250.0,1000.0,2000.0,342500.0,220000.0,450000.0,617250.0,374000.0,878000.0,34.75543863636363,67.48848181818181
1,Albania,24.025,18,34,65.925,52,81,71.7,62,86,1.1025641025641026,1.0,2.0,7100.0,1000.0,58000.0,1920250.0,80000.0,20000000.0,3621783.7837837837,116000.0,35500000.0,41.13724000000001,19.950259999999986
2,Algeria,27.05,19,35,70.63333333333334,58,85,72.98333333333333,62,85,1.3,1.0,3.0,18083.333333333332,1000.0,205000.0,4670916.666666667,160000.0,40500000.0,8768946.42857143,259000.0,78000000.0,33.19964193548389,3.345491935483866
3,Andorra,28.0,28,28,62.0,62,62,64.0,64,64,1.0,1.0,1.0,1000.0,1000.0,1000.0,290000.0,290000.0,290000.0,384000.0,384000.0,384000.0,42.52242857142857,1.5349285714285714
4,Angola,25.866666666666667,19,34,67.6,60,78,71.53333333333333,64,82,1.1333333333333333,1.0,2.0,7666.666666666667,1000.0,44000.0,2018333.3333333333,325000.0,10000000.0,3475846.153846154,463000.0,17800000.0,-11.636753061224484,16.21947346938776
5,Antigua & Barbuda,22.75,20,27,62.5,58,69,67.75,63,77,1.0,1.0,1.0,2500.0,1000.0,6000.0,535000.0,160000.0,1300000.0,1080750.0,312000.0,2800000.0,17.1211,-61.8447
6,Argentina,26.2059765208111,16,41,68.57203842049093,51,94,73.21024546424759,57,94,1.1335470085470085,1.0,5.0,11502.668089647812,0.0,565000.0,3077011.73959445,0.0,110500000.0,5437262.905162065,29000.0,226500000.0,-34.30501976284636,-62.60579525691718
7,Armenia,26.8,22,32,69.0,63,83,71.8,66,83,1.3,1.0,3.0,22000.0,1000.0,145000.0,3717500.0,475000.0,25500000.0,6780444.444444444,736000.0,48500000.0,40.35441333333334,44.920543333333335
8,Australia,24.406779661016948,16,37,62.652542372881356,50,79,68.36016949152543,56,83,1.0127118644067796,1.0,2.0,3351.6949152542375,0.0,46000.0,736970.3389830509,0.0,10500000.0,1151513.392857143,38000.0,20700000.0,-30.958919667589928,142.87775595567922
9,Austria,24.654362416107382,16,37,64.91610738255034,48,85,69.84563758389261,58,87,1.0675675675675675,1.0,4.0,7667.785234899329,1000.0,120000.0,1608657.7181208055,60000.0,38000000.0,2752972.027972028,87000.0,65599999.99999999,47.76374925373106,14.648239552238893
10,Azerbaijan,26.0,19,32,63.0,54,67,66.8,62,71,1.0,1.0,1.0,2200.0,1000.0,4000.0,519000.0,150000.0,825000.0,827600.0,213000.0,1400000.0,40.22720853658537,47.55426951219511
11,Barbados,27.666666666666668,24,31,63.333333333333336,60,66,65.0,64,66,1.0,1.0,1.0,3666.6666666666665,2000.0,6000.0,401666.6666666667,280000.0,525000.0,710000.0,511000.0,919000.0,13.097500000000002,-59.6167
12,Belarus,28.75,26,31,70.25,67,75,71.0,69,75,1.25,1.0,2.0,8000.0,3000.0,12000.0,2443750.0,700000.0,6500000.0,4875000.0,1200000.0,13700000.0,53.507750561797764,27.81000337078652
13,Belgium,24.334615384615386,16,39,68.81153846153846,53,91,74.38846153846154,62,92,1.22007722007722,1.0,4.0,18480.76923076923,1000.0,355000.0,4699673.076923077,60000.0,102000000.0,8981428.57142857,87000.0,196400000.0,50.69471428571398,4.416037662337659
14,Belize,25.0,25,25,60.0,60,60,61.0,61,61,1.0,1.0,1.0,1000.0,1000.0,1000.0,250000.0,250000.0,250000.0,394000.0,394000.0,394000.0,17.4213125,-88.49522499999999
15,Benin,26.066666666666666,22,33,67.46666666666667,59,75,70.66666666666667,65,82,1.0,1.0,1.0,8666.666666666666,1000.0,40000.0,1646333.3333333333,220000.0,9500000.0,3233733.3333333335,363000.0,20000000.0,7.926953846153848,2.1897923076923074
16,Bermuda,27.5,27,28,66.5,63,70,66.5,63,70,1.0,1.0,1.0,16500.0,3000.0,30000.0,1087500.0,375000.0,1800000.0,656000.0,656000.0,656000.0,32.2942,-64.7839
17,Bolivia,25.533333333333335,18,37,65.66666666666667,49,74,69.96666666666667,66,78,1.0333333333333334,1.0,2.0,833.3333333333334,0.0,9000.0,299000.0,0.0,6500000.0,2574000.0,165000.0,11500000.0,-17.433516049382714,-65.26760493827163
18,Bosnia & Herzegovina,26.0,19,33,68.63934426229508,57,86,72.34426229508196,61,86,1.2131147540983607,1.0,3.0,14868.852459016394,1000.0,180000.0,3682377.049180328,120000.0,44000000.0,6462614.03508772,174000.0,72600000.0,44.25184062500007,17.776512499999995
19,Botswana,20.0,20,20,56.0,56,56,68.0,68,68,1.0,1.0,1.0,1000.0,1000.0,1000.0,160000.0,160000.0,160000.0,312000.0,312000.0,312000.0,-22.345332000000003,24.912388
20,Brazil,27.62515114873035,17,40,71.2515114873035,48,92,73.35187424425635,59,93,1.1636363636363636,1.0,5.0,17778.718258766625,1000.0,340000.0,4602629.987908102,0.0,118500000.0,8899398.47715736,147000.0,228100000.0,-18.88696421319774,-47.96536230964501
21,Bulgaria,26.84375,21,35,64.875,56,76,67.40625,57,77,1.0625,1.0,2.0,1000.0,0.0,8000.0,699218.75,0.0,7500000.0,3320333.3333333335,176000.0,15800000.0,42.70888270676688,25.21367819548871
22,Burkina Faso,25.125,19,32,68.5625,61,78,73.125,64,84,1.25,1.0,3.0,12062.5,2000.0,57000.0,2887500.0,350000.0,14000000.0,5445812.5,531000.0,27700000.0,12.266390624999994,-1.7249062499999999
23,Burundi,23.333333333333332,18,28,62.333333333333336,51,71,69.33333333333333,65,76,1.3333333333333333,1.0,2.0,10666.666666666666,1000.0,25000.0,1268333.3333333333,80000.0,3200000.0,2438666.6666666665,150000.0,6300000.0,-3.3234473684210535,29.77298947368421
24,Cameroon,24.555555555555557,18,34,67.9888888888889,55,80,73.0111111111111,63,85,1.2222222222222223,1.0,3.0,10966.666666666666,0.0,99000.0,2636111.111111111,0.0,18000000.0,5000400.0,264000.0,37400000.0,5.829438235294109,11.68351470588234
25,Canada,24.25,17,38,62.9375,47,75,69.21875,57,87,1.015625,1.0,2.0,3812.5,0.0,44000.0,925937.5,0.0,9500000.0,1857741.3793103448,13000.0,20000000.0,46.99022864000005,-85.7068948799998
26,Cape Verde,27.42105263157895,20,34,71.63157894736842,65,79,73.73684210526316,67,87,1.105263157894737,1.0,2.0,11526.315789473685,1000.0,53000.0,4426578.947368421,230000.0,14500000.0,8849263.157894736,483000.0,31500000.0,15.743260869565228,-24.054104347826083
27,Central African Republic,25.666666666666668,25,27,73.33333333333333,68,82,76.0,71,85,1.3333333333333333,1.0,2.0,19000.0,3000.0,46000.0,10050000.0,950000.0,27500000.0,21700000.0,1700000.0,59800000.0,5.787787999999999,19.561480000000003
28,Chad,22.5,20,25,70.0,67,73,78.0,78,78,1.0,1.0,1.0,12000.0,4000.0,20000.0,3400000.0,1300000.0,5500000.0,7150000.0,2900000.0,11400000.0,12.646831034482757,17.57201724137931
29,Chile,25.074168797953963,17,38,64.9923273657289,47,85,70.6854219948849,57,85,1.0824742268041236,1.0,4.0,5176.470588235294,1000.0,215000.0,1343171.3554987211,40000.0,37500000.0,2321176.1363636362,62000.0,69400000.0,-35.07202522522504,-72.0212450450453
30,China PR,26.084183673469386,17,39,59.910714285714285,47,76,63.71938775510204,51,79,1.005128205128205,1.0,2.0,3125.0,1000.0,19000.0,355420.9183673469,10000.0,9000000.0,796470.8994708995,22000.0,20500000.0,33.95992034632036,113.8438181818181
31,Colombia,25.241100323624597,16,40,65.57605177993527,48,88,71.042071197411,56,89,1.0535714285714286,1.0,4.0,5415.857605177994,1000.0,315000.0,1785946.6019417476,0.0,69500000.0,2663312.2807017546,54000.0,65500000.0,5.857886666666672,-74.57646266666625
32,Comoros,26.5,24,30,67.5,60,73,69.33333333333333,60,74,1.0,1.0,1.0,4500.0,1000.0,8000.0,1391666.6666666667,200000.0,4000000.0,2141666.6666666665,350000.0,5200000.0,-11.853340000000001,43.59252
33,Congo,23.96,18,30,63.92,53,75,69.64,61,77,1.04,1.0,2.0,4440.0,1000.0,21000.0,978400.0,100000.0,8000000.0,1937409.0909090908,183000.0,16600000.000000002,-2.0042777777777783,14.452816666666665
34,Costa Rica,26.4,19,33,68.86666666666666,59,87,71.63333333333334,62,87,1.1666666666666667,1.0,3.0,13566.666666666666,1000.0,195000.0,2910666.6666666665,260000.0,30500000.0,5365966.666666667,390000.0,62500000.0,9.90225,-84.1534111111111
35,Croatia,24.88095238095238,17,38,69.56349206349206,50,91,74.4920634920635,55,91,1.2777777777777777,1.0,4.0,21682.539682539682,1000.0,420000.0,5223849.206349206,40000.0,67000000.0,9489575.221238937,73000.0,137400000.0,45.18636041666657,16.352641666666628
36,Cuba,23.75,18,32,66.0,60,76,72.75,64,76,1.0,1.0,1.0,3250.0,1000.0,8000.0,1487500.0,350000.0,4400000.0,2328250.0,534000.0,6600000.0,21.90979411764706,-79.5106985294118
37,Curaçao,25.357142857142858,19,29,67.57142857142857,59,74,70.28571428571429,65,76,1.0,1.0,1.0,8857.142857142857,1000.0,46000.0,1648571.4285714286,180000.0,6500000.0,2449307.6923076925,351000.0,9900000.0,12.1167,-68.93330000000002
38,Cyprus,24.0,18,30,64.125,52,74,70.125,65,78,1.0,1.0,1.0,5250.0,1000.0,13000.0,1238125.0,90000.0,6000000.0,1998125.0,214000.0,9500000.0,35.00065,33.28925
39,Czech Republic,26.76,18,38,69.51,55,82,72.78,59,86,1.14,1.0,4.0,7950.0,0.0,60000.0,2837200.0,0.0,19500000.0,5649419.354838709,88000.0,34600000.0,49.84430330882342,15.556027573529432
40,Côte D’Ivoire,25.18,18,34,69.39,56,82,74.12,59,88,1.19,1.0,3.0,12710.0,0.0,105000.0,3460200.0,0.0,28500000.0,7374469.879518072,218000.0,56300000.0,6.842260000000007,-5.494827999999995
41,DR Congo,25.75,19,32,69.21153846153847,56,82,72.38461538461539,61,83,1.0961538461538463,1.0,2.0,13769.23076923077,1000.0,76000.0,3160480.769230769,120000.0,26000000.0,6287833.333333333,219000.0,59200000.0,-3.28601460674157,22.889988764044936
42,Denmark,24.145833333333332,16,36,63.717261904761905,48,88,70.05059523809524,55,91,1.0686567164179104,1.0,3.0,6913.690476190476,1000.0,205000.0,1787351.1904761905,40000.0,73500000.0,3140944.099378882,58000.0,141500000.0,55.949966666666924,10.631316666666738
43,Dominican Republic,23.0,22,24,72.0,64,80,80.5,76,85,1.0,1.0,1.0,71000.0,2000.0,140000.0,10400000.0,800000.0,20000000.0,21950000.0,1400000.0,42500000.0,18.900439393939394,-70.31602424242425
44,Ecuador,25.162790697674417,18,33,68.79069767441861,58,81,72.93023255813954,64,81,1.0930232558139534,1.0,2.0,11116.279069767443,0.0,120000.0,1987790.6976744186,0.0,10000000.0,5042142.857142857,414000.0,18500000.0,-1.2852922077922087,-79.8337584415585
45,Egypt,26.967741935483872,20,34,70.2258064516129,62,88,72.64516129032258,66,89,1.1935483870967742,1.0,3.0,16870.967741935485,0.0,255000.0,4295967.741935484,0.0,69500000.0,13184550.0,525000.0,137300000.0,28.86832588235293,31.30118117647058
46,El Salvador,26.2,21,33,66.0,63,70,69.6,64,75,1.0,1.0,1.0,2600.0,1000.0,5000.0,795000.0,325000.0,1400000.0,1435800.0,488000.0,2800000.0,13.691471428571429,-88.89087857142856
47,Equatorial Guinea,25.4,21,33,70.0,67,77,75.2,68,80,1.2,1.0,2.0,17200.0,1000.0,65000.0,2790000.0,450000.0,9000000.0,5581600.0,608000.0,17800000.0,1.736015384615385,9.868807692307692
48,Eritrea,27.0,21,33,67.5,63,72,68.5,65,72,1.0,1.0,1.0,6000.0,4000.0,8000.0,1237500.0,475000.0,2000000.0,1671500.0,843000.0,2500000.0,14.856959999999999,39.36667333333334
49,Estonia,27.153846153846153,21,33,64.92307692307692,61,77,67.76923076923077,61,77,1.0833333333333333,1.0,2.0,3846.153846153846,1000.0,30000.0,792307.6923076923,240000.0,5000000.0,1271666.6666666667,325000.0,8500000.0,58.868204,25.719315999999996
50,Ethiopia,32.0,32,32,64.0,64,64,64.0,64,64,1.0,1.0,1.0,1000.0,1000.0,1000.0,250000.0,250000.0,250000.0,313000.0,313000.0,313000.0,9.14540238095238,38.68083333333333
51,Faroe Islands,24.166666666666668,20,26,62.5,50,67,66.16666666666667,64,68,1.0,1.0,1.0,2666.6666666666665,1000.0,5000.0,526666.6666666666,60000.0,900000.0,788600.0,113000.0,1300000.0,61.961475862068944,-6.809044827586207
52,Fiji,30.0,30,30,71.0,71,71,71.0,71,71,1.0,1.0,1.0,4000.0,4000.0,4000.0,2300000.0,2300000.0,2300000.0,2900000.0,2900000.0,2900000.0,-17.671214285714285,178.05688571428573
53,Finland,24.761194029850746,17,35,64.02985074626865,50,84,69.85074626865672,57,84,1.044776119402985,1.0,2.0,5208.955223880597,0.0,74000.0,1454477.6119402985,0.0,22000000.0,2646375.0,167000.0,37400000.0,62.17537570093462,24.72584672897193
54,France,24.61597374179431,16,41,67.79868708971554,50,89,73.44748358862144,55,95,1.2063666300768385,1.0,4.0,14053.610503282276,1000.0,240000.0,3679819.474835886,0.0,81000000.0,7394348.182883939,35000.0,166100000.0,47.431336711711715,2.8038941441441265
55,Gabon,26.066666666666666,21,35,69.46666666666667,58,88,72.26666666666667,59,88,1.2,1.0,3.0,26933.333333333332,1000.0,265000.0,6628333.333333333,120000.0,59000000.0,13606428.57142857,219000.0,112100000.0,-0.7962105263157896,11.402147368421053
56,Gambia,23.2,19,30,67.2,58,76,73.93333333333334,64,85,1.0,1.0,1.0,8133.333333333333,1000.0,28000.0,2031333.3333333333,170000.0,8500000.0,4233846.153846154,281000.0,15100000.0,13.434722222222227,-15.658377777777782
57,Georgia,24.03846153846154,18,31,68.34615384615384,58,76,73.8076923076923,65,86,1.0384615384615385,1.0,2.0,4192.307692307692,1000.0,13000.0,2268461.5384615385,180000.0,8500000.0,4404040.0,279000.0,18500000.0,41.97654473684212,43.7498947368421
58,Germany,24.33806343906511,17,39,66.08681135225376,47,90,71.69949916527545,57,92,1.1389121338912134,1.0,5.0,9639.398998330551,1000.0,355000.0,2529307.178631052,10000.0,76500000.0,4577843.61424848,15000.0,156800000.0,50.660600684932064,9.856621855541878
59,Ghana,23.657894736842106,17,33,67.04385964912281,51,82,73.08771929824562,61,88,1.1140350877192982,1.0,3.0,9614.035087719298,1000.0,65000.0,2551447.3684210526,50000.0,25500000.0,4574421.568627451,98000.0,57400000.0,7.43571999999998,-0.97372
60,Greece,24.480392156862745,17,39,69.06862745098039,53,85,74.42156862745098,63,87,1.1764705882352942,1.0,3.0,7803.921568627451,0.0,140000.0,3034264.705882353,0.0,37500000.0,6394520.408163265,57000.0,66599999.99999999,38.74072079999997,23.392959199999964
61,Grenada,25.0,25,25,63.0,63,63,68.0,68,68,1.0,1.0,1.0,3000.0,3000.0,3000.0,425000.0,425000.0,425000.0,776000.0,776000.0,776000.0,12.0444,-61.7417
62,Guam,30.0,30,30,67.0,67,67,67.0,67,67,1.0,1.0,1.0,3000.0,3000.0,3000.0,550000.0,550000.0,550000.0,825000.0,825000.0,825000.0,13.47185,144.7418
63,Guatemala,26.666666666666668,22,32,63.666666666666664,58,68,67.66666666666667,67,68,1.0,1.0,1.0,1333.3333333333333,1000.0,2000.0,415000.0,170000.0,550000.0,618666.6666666666,281000.0,866000.0,15.057587878787878,-90.51881515151514
64,Guinea,24.677419354838708,19,33,68.12903225806451,59,83,72.87096774193549,65,88,1.1290322580645162,1.0,2.0,12225.806451612903,1000.0,120000.0,3423064.5161290322,210000.0,34000000.0,6729233.333333333,385000.0,67200000.0,10.25463448275862,-11.55892413793104
65,Guinea-Bissau,23.133333333333333,18,29,67.26666666666667,58,76,73.13333333333334,67,85,1.0,1.0,1.0,6333.333333333333,1000.0,48000.0,2221333.3333333335,220000.0,10500000.0,4556428.571428572,429000.0,23100000.0,11.932109090909089,-15.266636363636364
66,Guyana,27.333333333333332,20,35,61.666666666666664,57,65,66.33333333333333,63,70,1.0,1.0,1.0,1666.6666666666667,1000.0,2000.0,276666.6666666667,150000.0,500000.0,493000.0,263000.0,788000.0,6.179791666666667,-58.42143333333333
67,Haiti,23.9,20,30,63.4,52,73,69.9,60,78,1.0,1.0,1.0,3900.0,1000.0,17000.0,928500.0,70000.0,3000000.0,1675100.0,137000.0,5900000.0,18.90354,-72.59085333333336
68,Honduras,26.8125,18,35,69.1875,62,75,72.3125,62,82,1.125,1.0,2.0,7500.0,1000.0,26000.0,2527187.5,160000.0,9500000.0,4632266.666666667,240000.0,16300000.0,14.929874285714279,-87.25819999999999
69,Hong Kong,28.0,18,38,60.5,59,62,66.5,62,71,1.0,1.0,1.0,1500.0,1000.0,2000.0,145000.0,40000.0,250000.0,287000.0,86000.0,488000.0,22.305,114.185
70,Hungary,25.526315789473685,17,31,69.23684210526316,51,80,73.21052631578948,64,83,1.1842105263157894,1.0,3.0,6631.578947368421,0.0,48000.0,1897500.0,0.0,13000000.0,6028428.571428572,152000.0,23100000.0,47.24939086956516,19.581271739130443
71,Iceland,25.872340425531913,18,35,66.8936170212766,54,82,71.38297872340425,64,82,1.127659574468085,1.0,3.0,8148.936170212766,0.0,125000.0,1638723.4042553192,0.0,22500000.0,4054882.3529411764,225000.0,42800000.0,64.63202307692303,-20.44217692307691
72,India,24.933333333333334,19,33,58.666666666666664,53,67,63.6,56,71,1.0,1.0,1.0,0.0,0.0,0.0,0.0,0.0,0.0,,,,20.824179445727474,79.70409284064662
73,Indonesia,17.0,17,17,56.0,56,56,74.0,74,74,1.0,1.0,1.0,1000.0,1000.0,1000.0,180000.0,180000.0,180000.0,356000.0,356000.0,356000.0,-3.2724916030534357,112.61740076335879
74,Iran,25.235294117647058,21,31,68.82352941176471,61,77,72.76470588235294,64,80,1.0588235294117647,1.0,2.0,11294.117647058823,1000.0,51000.0,2627941.1764705884,270000.0,11500000.0,5011411.764705882,392000.0,22700000.0,33.90697287234041,51.103522340425556
75,Iraq,25.142857142857142,22,29,67.0,58,72,71.14285714285714,64,75,1.0,1.0,1.0,5857.142857142857,2000.0,16000.0,1732857.142857143,230000.0,3900000.0,2562333.3333333335,380000.0,6300000.0,33.66783414634147,44.59536341463416
76,Israel,28.214285714285715,24,32,72.14285714285714,65,80,73.0,67,80,1.2142857142857142,1.0,2.0,15857.142857142857,1000.0,40000.0,4191071.4285714286,450000.0,14500000.0,8309307.692307692,821000.0,31200000.0,32.246569565217385,34.99103043478261
77,Italy,25.928774928774928,17,40,68.15811965811966,47,89,72.69088319088318,53,93,1.2074391988555078,1.0,4.0,13478.632478632479,1000.0,215000.0,3047571.225071225,10000.0,62000000.0,5548557.858376511,15000.0,105900000.0,42.68140760869573,12.651448913043406
78,Jamaica,28.125,19,35,66.625,53,81,68.71875,60,89,1.03125,1.0,2.0,8187.5,1000.0,54000.0,1901406.25,100000.0,26500000.0,3402781.25,175000.0,50400000.0,18.134811111111112,-77.18351111111113
79,Japan,26.15899581589958,17,42,62.62133891213389,47,81,66.63389121338912,48,85,1.0585774058577406,1.0,3.0,3453.9748953974895,1000.0,65000.0,831422.5941422594,0.0,17500000.0,1253118.6813186812,13000.0,32200000.000000004,36.0132935912936,137.16654486094237
80,Jordan,23.0,23,23,63.0,63,63,70.0,70,70,1.0,1.0,1.0,1000.0,1000.0,1000.0,425000.0,425000.0,425000.0,616000.0,616000.0,616000.0,31.705542857142852,35.79517142857143
81,Kazakhstan,26.25,24,29,64.75,62,68,66.5,65,70,1.0,1.0,1.0,2000.0,1000.0,4000.0,587500.0,325000.0,1100000.0,892750.0,496000.0,1700000.0,48.15141834862386,68.98813669724771
82,Kenya,24.8,19,33,65.4,56,80,70.3,63,82,1.1,1.0,2.0,11200.0,1000.0,86000.0,2261000.0,170000.0,14500000.0,4110500.0,292000.0,27900000.0,-0.5273112903225804,36.88047258064516
83,Korea DPR,28.5,19,36,65.5,58,71,69.5,58,83,1.25,1.0,2.0,4250.0,1000.0,7000.0,950000.0,50000.0,1900000.0,884666.6666666666,63000.0,1600000.0,39.95721621621622,126.86133243243243
84,Korea Republic,26.35223880597015,17,39,64.1820895522388,50,84,67.51940298507462,57,88,1.0690690690690692,1.0,3.0,3065.6716417910447,1000.0,125000.0,870955.223880597,40000.0,37000000.0,1346139.6825396826,50000.0,71200000.0,36.47615000000027,127.58529761904819
85,Kosovo,23.454545454545453,19,32,66.03030303030303,53,76,72.27272727272727,59,83,1.0303030303030303,1.0,2.0,6727.272727272727,1000.0,40000.0,1842424.2424242424,70000.0,11000000.0,3391875.0,116000.0,20900000.0,42.5155428571429,20.924385714285712
86,Kuwait,31.0,31,31,70.0,70,70,70.0,70,70,1.0,1.0,1.0,13000.0,13000.0,13000.0,1200000.0,1200000.0,1200000.0,2000000.0,2000000.0,2000000.0,29.263133333333332,47.9073
87,Latvia,29.0,20,38,63.166666666666664,53,70,66.33333333333333,54,78,1.0,1.0,1.0,2666.6666666666665,1000.0,5000.0,445833.3333333333,40000.0,1000000.0,718500.0,58000.0,1700000.0,56.885158771929845,24.75881140350877
88,Lebanon,29.0,29,29,66.0,66,66,66.0,66,66,1.0,1.0,1.0,2000.0,2000.0,2000.0,500000.0,500000.0,500000.0,625000.0,625000.0,625000.0,33.947466666666664,35.75201666666667
89,Liberia,25.0,25,25,68.0,68,68,73.0,73,73,1.0,1.0,1.0,3000.0,3000.0,3000.0,1200000.0,1200000.0,1200000.0,1600000.0,1600000.0,1600000.0,6.205782352941177,-9.587105882352942
90,Libya,25.0,24,26,70.0,67,72,73.5,72,76,1.0,1.0,1.0,4750.0,4000.0,6000.0,2400000.0,1000000.0,3600000.0,4025000.0,2200000.0,6000000.0,30.013242857142863,16.419364285714284
91,Liechtenstein,25.333333333333332,22,27,64.66666666666667,57,71,67.66666666666667,66,71,1.0,1.0,1.0,5000.0,2000.0,10000.0,1078333.3333333333,160000.0,2400000.0,1881000.0,264000.0,4400000.0,47.17375454545455,9.527236363636362
92,Lithuania,24.875,19,31,63.5,53,71,68.5,60,77,1.0,1.0,1.0,2875.0,1000.0,7000.0,875625.0,130000.0,2500000.0,1395000.0,244000.0,4200000.0,55.3071870967742,23.76364838709677
93,Luxembourg,23.25,18,28,63.875,57,71,71.375,63,78,1.0,1.0,1.0,4000.0,1000.0,10000.0,853750.0,150000.0,2200000.0,1594833.3333333333,363000.0,3500000.0,49.71668,6.125673333333332
94,Macedonia,25.1,18,34,68.0,50,77,72.5,63,83,1.05,1.0,2.0,7900.0,1000.0,30000.0,2778750.0,60000.0,12000000.0,5662684.2105263155,125000.0,27600000.0,41.66269857142857,21.72879428571429
95,Madagascar,27.5,21,34,66.91666666666667,60,76,68.83333333333333,63,77,1.0833333333333333,1.0,2.0,7750.0,1000.0,48000.0,1014166.6666666666,220000.0,2800000.0,1891166.6666666667,402000.0,4900000.0,-18.546341379310345,47.025255172413814
96,Mali,24.74418604651163,18,34,68.97674418604652,56,80,73.69767441860465,63,85,1.0232558139534884,1.0,2.0,10674.418604651162,1000.0,38000.0,2688372.093023256,160000.0,16000000.0,5607184.2105263155,200000.0,32000000.0,14.962616129032265,-5.4715290322580685
97,Malta,25.0,25,25,61.0,61,61,63.0,63,63,1.0,1.0,1.0,2000.0,2000.0,2000.0,300000.0,300000.0,300000.0,,,,35.91974852941177,14.425494117647064
98,Mauritania,23.0,20,26,64.5,62,67,70.0,66,74,1.0,1.0,1.0,2000.0,1000.0,4000.0,600000.0,375000.0,825000.0,971666.6666666666,684000.0,1500000.0,18.78585909090909,-12.86853181818182
99,Mauritius,26.0,26,26,68.0,68,68,69.0,69,69,1.0,1.0,1.0,4000.0,4000.0,4000.0,875000.0,875000.0,875000.0,1600000.0,1600000.0,1600000.0,-20.100416666666664,58.552883333333334
100,Mexico,24.31967213114754,17,45,65.41803278688525,50,82,71.50819672131148,57,86,1.095890410958904,1.0,3.0,8825.136612021857,1000.0,90000.0,1684289.6174863388,20000.0,24000000.0,3104918.674698795,34000.0,44600000.0,21.421463515312997,-99.90635139813561
101,Moldova,23.6,17,31,66.2,51,74,73.2,67,79,1.2,1.0,2.0,11200.0,1000.0,27000.0,2359000.0,70000.0,6000000.0,4270400.0,152000.0,10200000.0,47.21672641509434,28.507718867924524
102,Montenegro,25.0,18,36,68.47826086956522,59,83,72.95652173913044,62,86,1.173913043478261,1.0,3.0,13086.95652173913,1000.0,79000.0,3405869.565217391,170000.0,26000000.0,7157650.0,324000.0,55300000.0,42.672162500000006,19.312220833333342
103,Montserrat,25.5,22,28,64.75,63,67,68.0,65,71,1.0,1.0,1.0,3000.0,2000.0,5000.0,587500.0,500000.0,800000.0,992250.0,656000.0,1400000.0,16.7425,-62.1874
104,Morocco,25.894117647058824,18,36,69.94117647058823,52,86,73.31764705882352,58,86,1.1529411764705881,1.0,3.0,14847.058823529413,1000.0,160000.0,3948352.9411764704,20000.0,32500000.0,6912531.645569621,25000.0,49500000.0,33.33704615384614,-5.9455858974358895
105,Mozambique,26.0,21,30,71.0,66,75,73.75,70,76,1.25,1.0,2.0,11000.0,2000.0,28000.0,2850000.0,700000.0,5000000.0,5800000.0,1500000.0,9500000.0,-18.906542499999993,35.88385000000001
106,Namibia,24.666666666666668,20,27,66.0,65,67,71.33333333333333,68,78,1.0,1.0,1.0,3333.3333333333335,1000.0,8000.0,783333.3333333334,450000.0,1000000.0,1500000.0,1000000.0,2100000.0,-21.40297419354839,16.925925806451616
107,Netherlands,24.0,16,40,67.65342163355409,54,86,73.0242825607064,58,91,1.1504424778761062,1.0,4.0,10035.320088300221,1000.0,165000.0,2870154.5253863134,10000.0,44500000.0,5037802.816901408,15000.0,87900000.0,46.114355555555846,-6.365655555555509
108,New Caledonia,30.0,30,30,71.0,71,71,71.0,71,71,1.0,1.0,1.0,9000.0,9000.0,9000.0,1800000.0,1800000.0,1800000.0,3500000.0,3500000.0,3500000.0,-21.40973333333333,166.1925666666667
109,New Zealand,24.25,16,36,62.61363636363637,52,77,68.06818181818181,61,80,1.0227272727272727,1.0,2.0,4454.545454545455,0.0,68000.0,957727.2727272727,0.0,10500000.0,2139911.7647058824,63000.0,20700000.0,-40.35061805555553,168.99155694444465
110,Nicaragua,29.0,29,29,64.0,62,66,64.0,62,66,1.0,1.0,1.0,1000.0,1000.0,1000.0,400000.0,300000.0,500000.0,675000.0,675000.0,675000.0,12.268990909090906,-85.73145454545455
111,Niger,24.666666666666668,21,29,62.333333333333336,54,67,66.66666666666667,63,71,1.0,1.0,1.0,3666.6666666666665,1000.0,6000.0,578333.3333333334,110000.0,1000000.0,1120000.0,160000.0,2100000.0,14.648831578947366,6.2976
112,Nigeria,23.06611570247934,17,34,67.14876033057851,48,80,73.86776859504133,61,86,1.0495867768595042,1.0,2.0,9859.504132231405,1000.0,105000.0,2534462.8099173554,60000.0,17000000.0,4747082.568807339,143000.0,33600000.0,8.557848648648672,7.392348648648638
113,Norway,24.052785923753667,16,40,63.16129032258065,50,83,69.43695014662757,58,87,1.0117302052785924,1.0,2.0,3340.1759530791787,1000.0,54000.0,1007434.0175953079,0.0,17500000.0,1587528.5285285285,58000.0,36800000.0,62.551896078431746,11.44602156862754
114,Oman,36.0,36,36,72.0,72,72,72.0,72,72,2.0,2.0,2.0,12000.0,12000.0,12000.0,425000.0,425000.0,425000.0,723000.0,723000.0,723000.0,22.445349999999994,57.11330625000001
115,Palestine,31.0,31,31,66.0,66,66,66.0,66,66,1.0,1.0,1.0,2000.0,2000.0,2000.0,575000.0,575000.0,575000.0,719000.0,719000.0,719000.0,31.9522,35.2332
116,Panama,26.4,21,34,67.66666666666667,64,72,70.33333333333333,67,80,1.0,1.0,1.0,3066.6666666666665,1000.0,6000.0,1163333.3333333333,450000.0,3900000.0,1866866.6666666667,641000.0,6600000.0,8.656773684210524,-80.37728421052631
117,Paraguay,26.094117647058823,19,41,69.61176470588235,51,80,72.94117647058823,62,85,1.0714285714285714,1.0,2.0,9117.64705882353,0.0,80000.0,2688647.0588235296,0.0,19500000.0,6340491.525423729,138000.0,40300000.0,-24.465067500000018,-57.198199999999915
118,Peru,25.864864864864863,21,39,70.21621621621621,61,79,73.64864864864865,68,79,1.135135135135135,1.0,3.0,7432.4324324324325,0.0,41000.0,2568243.243243243,0.0,11000000.0,5034384.615384615,788000.0,15800000.0,-9.875477884615389,-75.89382307692311
119,Philippines,23.5,19,28,65.0,57,73,71.5,68,75,1.0,1.0,1.0,14500.0,1000.0,28000.0,1725000.0,150000.0,3300000.0,3562500.0,225000.0,6900000.0,12.081252432432438,122.64128864864868
120,Poland,24.56,16,38,63.22857142857143,48,90,68.82,50,90,1.0833333333333333,1.0,4.0,5131.428571428572,0.0,205000.0,1340771.4285714286,0.0,77000000.0,2352721.5568862273,27000.0,127100000.0,51.77274401913879,19.047121052631432
121,Portugal,25.76086956521739,17,37,71.34472049689441,57,94,75.29813664596273,62,94,1.2267080745341614,1.0,5.0,14310.55900621118,0.0,405000.0,5063664.596273292,0.0,77000000.0,10448755.172413792,242000.0,127100000.0,39.58517111111123,-9.315866222222214
122,Puerto Rico,34.0,34,34,63.0,63,63,63.0,63,63,1.0,1.0,1.0,2000.0,2000.0,2000.0,110000.0,110000.0,110000.0,165000.0,165000.0,165000.0,18.251508928571425,-66.34362142857142
123,Qatar,24.0,24,24,63.0,63,63,68.0,68,68,1.0,1.0,1.0,1000.0,1000.0,1000.0,425000.0,425000.0,425000.0,563000.0,563000.0,563000.0,25.500387500000002,51.4222
124,Republic of Ireland,24.668478260869566,16,38,60.88586956521739,47,80,66.88858695652173,54,84,1.0353260869565217,1.0,2.0,4986.413043478261,1000.0,97000.0,671657.6086956522,20000.0,11000000.0,1250497.0930232557,31000.0,20900000.0,53.1607333333337,-7.579625641025657
125,Romania,25.40740740740741,17,34,69.16666666666667,54,80,73.66666666666667,65,82,1.1296296296296295,1.0,2.0,8166.666666666667,0.0,57000.0,2166111.111111111,0.0,11500000.0,5592000.0,193000.0,22700000.0,45.79922983193278,24.808732773109256
126,Russia,24.962025316455698,18,34,70.0632911392405,57,82,75.34177215189874,60,86,1.2025316455696202,1.0,3.0,3316.4556962025317,0.0,61000.0,3238227.8481012657,0.0,18500000.0,7955880.597014925,186000.0,40700000.0,55.491906845753796,60.63219081455796
127,Rwanda,21.0,21,21,63.0,63,63,71.0,71,71,1.0,1.0,1.0,2000.0,2000.0,2000.0,475000.0,475000.0,475000.0,784000.0,784000.0,784000.0,-2.02794375,29.823137499999998
128,Saint Kitts & Nevis,26.333333333333332,24,29,62.0,56,71,63.333333333333336,56,72,1.0,1.0,1.0,10000.0,1000.0,26000.0,1023333.3333333334,70000.0,2800000.0,1996000.0,123000.0,5500000.0,17.2983,-62.73420000000001
129,Saint Lucia,24.0,24,24,64.0,64,64,68.0,68,68,1.0,1.0,1.0,1000.0,1000.0,1000.0,500000.0,500000.0,500000.0,,,,14.04885,-60.96815
130,Saudi Arabia,24.558823529411764,18,41,60.76764705882353,50,74,66.36764705882354,52,79,1.0148367952522255,1.0,2.0,5117.64705882353,1000.0,33000.0,416602.9411764706,0.0,5500000.0,751466.4536741214,17000.0,9400000.0,24.54141162790705,43.802332558139724
131,Senegal,25.361538461538462,18,35,68.61538461538461,51,87,72.92307692307692,60,90,1.1692307692307693,1.0,3.0,14361.538461538461,1000.0,195000.0,3545076.923076923,70000.0,52000000.0,6517263.157894737,156000.0,102700000.0,14.458455555555524,-15.358538888888912
132,Serbia,25.642857142857142,18,34,69.92857142857143,56,85,73.65079365079364,61,90,1.1904761904761905,1.0,3.0,13404.761904761905,1000.0,165000.0,4157817.4603174604,110000.0,50500000.0,7278137.931034483,182000.0,89600000.0,44.291663513513434,20.74912027027026
133,Sierra Leone,24.833333333333332,20,33,65.33333333333333,57,74,70.83333333333333,66,74,1.0,1.0,1.0,4000.0,1000.0,9000.0,1092500.0,180000.0,3500000.0,1742833.3333333333,455000.0,5300000.0,8.401983333333334,-11.972316666666664
134,Slovakia,26.27777777777778,20,38,68.4074074074074,56,87,72.79629629629629,62,92,1.1296296296296295,1.0,3.0,11000.0,1000.0,125000.0,3826111.111111111,50000.0,46500000.0,7595760.0,68000.0,88400000.0,48.678199137931045,19.133431896551745
135,Slovenia,26.472727272727273,18,35,69.52727272727273,56,90,72.74545454545455,62,93,1.2545454545454546,1.0,3.0,11127.272727272728,0.0,110000.0,4469545.454545454,0.0,68000000.0,9626895.833333334,208000.0,144500000.0,46.236875471698106,15.090010849056616
136,South Africa,26.422535211267604,16,34,67.47887323943662,52,76,70.54929577464789,61,84,1.0140845070422535,1.0,2.0,2464.788732394366,0.0,21000.0,1138169.014084507,0.0,7000000.0,3092727.272727273,264000.0,14500000.0,-29.90152095238092,24.61110285714288
137,South Sudan,25.0,25,25,60.0,60,60,63.0,63,63,1.0,1.0,1.0,2000.0,2000.0,2000.0,260000.0,260000.0,260000.0,345000.0,345000.0,345000.0,6.786229411764705,30.460676470588236
138,Spain,25.325559701492537,16,39,69.69869402985074,51,91,74.61660447761194,57,93,1.1802054154995332,1.0,4.0,16322.76119402985,1000.0,380000.0,4390718.2835820895,60000.0,73500000.0,9101547.227926077,93000.0,156200000.0,39.541227999999755,-3.773220800000103
139,Sudan,26.333333333333332,23,32,62.666666666666664,60,65,66.0,60,72,1.0,1.0,1.0,5333.333333333333,2000.0,10000.0,456666.6666666667,120000.0,775000.0,872333.3333333334,198000.0,1600000.0,15.022675675675671,31.602213513513515
140,Suriname,25.25,21,29,67.0,65,70,69.5,67,72,1.0,1.0,1.0,3000.0,2000.0,5000.0,868750.0,575000.0,1400000.0,1344250.0,877000.0,2100000.0,5.513478571428572,-55.171164285714276
141,Sweden,24.838790931989923,16,37,63.622166246851386,47,85,68.93954659949623,52,85,1.0555555555555556,1.0,5.0,4075.5667506297227,0.0,91000.0,1137481.1083123425,0.0,26000000.0,1836007.8125,13000.0,46200000.0,59.35211372549019,15.446150980392241
142,Switzerland,24.64090909090909,17,36,65.47727272727273,50,83,71.98181818181818,59,87,1.1772727272727272,1.0,3.0,10154.545454545454,1000.0,130000.0,2119545.4545454546,50000.0,22000000.0,3919448.7804878047,83000.0,43500000.0,47.02475527950319,7.958191925465827
143,Syria,26.0,20,35,68.55555555555556,56,78,71.44444444444444,64,80,1.1111111111111112,1.0,2.0,13333.333333333334,1000.0,47000.0,2983888.888888889,130000.0,10500000.0,5112777.777777778,189000.0,17900000.0,35.02594262295082,37.28326885245904
144,São Tomé & Príncipe,31.0,31,31,72.0,72,72,72.0,72,72,1.0,1.0,1.0,15000.0,15000.0,15000.0,2800000.0,2800000.0,2800000.0,4200000.0,4200000.0,4200000.0,0.4862714285714286,6.771628571428571
145,Tanzania,22.0,19,25,67.0,62,76,74.0,71,79,1.0,1.0,1.0,7000.0,1000.0,18000.0,3675000.0,500000.0,10000000.0,5881666.666666667,900000.0,15800000.0,-5.925366666666668,35.21204126984127
146,Thailand,25.0,21,30,62.4,56,68,66.2,62,70,1.0,1.0,1.0,2400.0,1000.0,6000.0,490000.0,160000.0,975000.0,639400.0,232000.0,1300000.0,13.808058011049729,100.93657458563538
147,Togo,28.25,23,34,71.33333333333333,63,79,72.91666666666667,65,81,1.3333333333333333,1.0,3.0,16000.0,1000.0,34000.0,3770833.3333333335,400000.0,10500000.0,7823727.2727272725,730000.0,21800000.0,8.682322222222222,0.8600111111111114
148,Trinidad & Tobago,31.75,26,44,66.75,53,74,66.75,53,74,1.0,1.0,1.0,9000.0,1000.0,18000.0,2450000.0,0.0,6000000.0,5166666.666666667,1200000.0,9600000.0,10.509688235294119,-61.38275294117646
149,Tunisia,26.46875,18,35,68.25,59,77,71.3125,61,81,1.0625,1.0,2.0,9218.75,1000.0,42000.0,2073125.0,120000.0,10000000.0,3892758.620689655,192000.0,20800000.0,35.26224642857142,9.984471428571432
150,Turkey,24.712871287128714,16,38,66.07260726072607,50,81,71.7887788778878,58,87,1.0924092409240924,1.0,3.0,10442.244224422442,1000.0,120000.0,1882392.7392739274,30000.0,19500000.0,3606566.552901024,65000.0,34600000.0,38.997891836734674,34.06797653061222
151,Uganda,23.833333333333332,19,30,62.5,54,70,68.33333333333333,64,74,1.0,1.0,1.0,2000.0,1000.0,5000.0,553333.3333333334,150000.0,1300000.0,939333.3333333334,310000.0,2000000.0,1.0426700000000002,32.32043153846155
152,Ukraine,25.136986301369863,17,35,70.42465753424658,52,82,75.0958904109589,60,88,1.1232876712328768,1.0,3.0,5986.301369863014,1000.0,92000.0,4092328.7671232875,100000.0,21000000.0,8310638.888888889,216000.0,44100000.0,48.85896550632921,31.480982911392417
153,United Arab Emirates,26.0,26,26,77.0,77,77,78.0,78,78,2.0,2.0,2.0,39000.0,39000.0,39000.0,10500000.0,10500000.0,10500000.0,18600000.0,18600000.0,18600000.0,24.983555555555554,55.30874444444444
154,United Kingdom,24.225776541492813,16,44,63.547056096430225,46,89,70.035234121465,48,91,1.0633147113594041,1.0,4.0,9695.410292072324,0.0,355000.0,1454140.0092721372,0.0,83500000.0,2955756.994818653,18000.0,160700000.0,52.75139249165665,-1.663178476084468
155,United States,25.090651558073656,16,39,65.1728045325779,50,79,70.51558073654391,55,87,1.0538243626062322,1.0,3.0,4257.790368271954,1000.0,51000.0,1183696.8838526912,50000.0,18000000.0,1937056.5476190476,85000.0,34200000.0,38.36516287332611,-89.44866972193626
156,Uruguay,26.610738255033556,18,37,70.42953020134229,54,91,73.38255033557047,58,91,1.1812080536912752,1.0,5.0,17006.71140939597,0.0,455000.0,4811073.825503356,0.0,80000000.0,9379157.894736841,100000.0,164000000.0,-33.62246909090908,-56.0188872727274
157,Uzbekistan,29.5,29,30,67.5,60,75,67.5,60,75,1.0,1.0,1.0,9000.0,1000.0,17000.0,3100000.0,200000.0,6000000.0,6725000.0,250000.0,13200000.0,40.692264285714266,66.23005357142857
158,Venezuela,24.313432835820894,18,34,67.26865671641791,53,81,73.14925373134328,55,84,1.106060606060606,1.0,2.0,6194.0298507462685,0.0,42000.0,2237313.432835821,0.0,22500000.0,4093057.6923076925,108000.0,35400000.0,9.539313186813173,-67.53962857142861
159,Zambia,22.22222222222222,18,29,65.22222222222223,56,73,73.77777777777777,66,83,1.0,1.0,1.0,3444.4444444444443,1000.0,7000.0,1129444.4444444445,190000.0,3500000.0,2174000.0,356000.0,6600000.0,-13.342017142857141,27.707497142857143
160,Zimbabwe,26.846153846153847,22,34,69.76923076923077,64,78,72.46153846153847,66,83,1.0,1.0,1.0,6846.153846153846,1000.0,27000.0,2780769.230769231,475000.0,12000000.0,5319384.615384615,594000.0,18900000.0,-18.807484615384617,29.947850000000003
