,Nationality Country,Age_mean,Age_min,Age_max,Height_mean,Height_min,Height_max,Weight_mean,Weight_min,Weight_max,Overall_mean,Overall_min,Overall_max,Potential_mean,Potential_min,Potential_max,International Reputation_mean,International Reputation_min,International Reputation_max,Wage_mean,Wage_min,Wage_max,Value_mean,Value_min,Value_max,Release Clause_mean,Release Clause_min,Release Clause_max,Latitude,Longitude
0,Afghanistan,22.5,20,26,68.75,68.0,70.0,149.25,143.0,152.0,61.0,59,63,67.75,64,71,1.0,1.0,1.0,1250.0,1000.0,2000.0,342500.0,220000.0,450000.0,617250.0,374000.0,878000.0,33.93911,67.709953
1,Albania,24.025,18,34,71.41025641025641,67.0,77.0,164.3846153846154,137.0,196.0,65.925,52,81,71.7,62,86,1.1025641025641026,1.0,2.0,7100.0,1000.0,58000.0,1920250.0,80000.0,20000000.0,3621783.7837837837,116000.0,35500000.0,41.15333200000003,20.168330999999995
2,Algeria,27.05,19,35,71.36666666666666,66.0,77.0,167.25,132.0,207.0,70.63333333333334,58,85,72.98333333333333,62,85,1.3,1.0,3.0,18083.333333333332,1000.0,205000.0,4670916.666666667,160000.0,40500000.0,8768946.42857143,259000.0,78000000.0,28.033885999999992,1.6596260000000018
3,Andorra,28.0,28,28,72.0,72.0,72.0,174.0,174.0,174.0,62.0,62,62,64.0,64,64,1.0,1.0,1.0,1000.0,1000.0,1000.0,290000.0,290000.0,290000.0,384000.0,384000.0,384000.0,42.546245,1.6015540000000001
4,Angola,25.866666666666667,19,34,70.53333333333333,67.0,74.0,166.53333333333333,143.0,192.0,67.6,60,78,71.53333333333333,64,82,1.1333333333333333,1.0,2.0,7666.666666666667,1000.0,44000.0,2018333.3333333333,325000.0,10000000.0,3475846.153846154,463000.0,17800000.0,-11.202692000000003,17.873887
5,Antigua and Barbuda,22.75,20,27,70.0,69.0,71.0,164.75,161.0,168.0,62.5,58,69,67.75,63,77,1.0,1.0,1.0,2500.0,1000.0,6000.0,535000.0,160000.0,1300000.0,1080750.0,312000.0,2800000.0,17.060816,-61.796428000000006
6,Argentina,26.2059765208111,16,41,70.42628205128206,61.0,78.0,165.6655982905983,123.0,218.0,68.57203842049093,51,94,73.21024546424759,57,94,1.1335470085470085,1.0,5.0,11502.668089647812,0.0,565000.0,3077011.73959445,0.0,110500000.0,5437262.905162065,29000.0,226500000.0,-38.41609700000051,-63.616671999998466
7,Armenia,26.8,22,32,70.7,69.0,73.0,166.7,154.0,181.0,69.0,63,83,71.8,66,83,1.3,1.0,3.0,22000.0,1000.0,145000.0,3717500.0,475000.0,25500000.0,6780444.444444444,736000.0,48500000.0,40.069099,45.038188999999996
8,Australia,24.406779661016948,16,37,71.35593220338983,65.0,78.0,166.45338983050848,123.0,218.0,62.652542372881356,50,79,68.36016949152543,56,83,1.0127118644067796,1.0,2.0,3351.6949152542375,0.0,46000.0,736970.3389830509,0.0,10500000.0,1151513.392857143,38000.0,20700000.0,-25.274397999999877,133.77513600000017
9,Austria,24.654362416107382,16,37,71.92567567567568,65.0,77.0,168.42567567567568,132.0,216.0,64.91610738255034,48,85,69.84563758389261,58,87,1.0675675675675675,1.0,4.0,7667.785234899329,1000.0,120000.0,1608657.7181208055,60000.0,38000000.0,2752972.027972028,87000.0,65599999.99999999,47.516230999999735,14.550072
10,Azerbaijan,26.0,19,32,72.8,71.0,75.0,171.4,161.0,185.0,63.0,54,67,66.8,62,71,1.0,1.0,1.0,2200.0,1000.0,4000.0,519000.0,150000.0,825000.0,827600.0,213000.0,1400000.0,40.143105,47.576927000000005
11,Barbados,27.666666666666668,24,31,72.0,70.0,74.0,182.33333333333334,168.0,209.0,63.333333333333336,60,66,65.0,64,66,1.0,1.0,1.0,3666.6666666666665,2000.0,6000.0,401666.6666666667,280000.0,525000.0,710000.0,511000.0,919000.0,13.193886999999998,-59.543198
12,Belarus,28.75,26,31,72.75,71.0,74.0,171.25,163.0,185.0,70.25,67,75,71.0,69,75,1.25,1.0,2.0,8000.0,3000.0,12000.0,2443750.0,700000.0,6500000.0,4875000.0,1200000.0,13700000.0,53.709807,27.953389
13,Belgium,24.334615384615386,16,39,71.77606177606178,65.0,78.0,168.40540540540542,121.0,218.0,68.81153846153846,53,91,74.38846153846154,62,92,1.22007722007722,1.0,4.0,18480.76923076923,1000.0,355000.0,4699673.076923077,60000.0,102000000.0,8981428.57142857,87000.0,196400000.0,50.50388700000022,4.469935999999982
14,Belize,25.0,25,25,71.0,71.0,71.0,181.0,181.0,181.0,60.0,60,60,61.0,61,61,1.0,1.0,1.0,1000.0,1000.0,1000.0,250000.0,250000.0,250000.0,394000.0,394000.0,394000.0,17.189877,-88.49765
15,Benin,26.066666666666666,22,33,72.86666666666666,69.0,77.0,175.06666666666666,157.0,229.0,67.46666666666667,59,75,70.66666666666667,65,82,1.0,1.0,1.0,8666.666666666666,1000.0,40000.0,1646333.3333333333,220000.0,9500000.0,3233733.3333333335,363000.0,20000000.0,9.30769,2.315834
16,Bermuda,27.5,27,28,68.0,67.0,69.0,165.5,152.0,179.0,66.5,63,70,66.5,63,70,1.0,1.0,1.0,16500.0,3000.0,30000.0,1087500.0,375000.0,1800000.0,656000.0,656000.0,656000.0,32.321384,-64.75737
17,Bolivia,25.533333333333335,18,37,69.9,65.0,76.0,158.13333333333333,132.0,190.0,65.66666666666667,49,74,69.96666666666667,66,78,1.0333333333333334,1.0,2.0,833.3333333333334,0.0,9000.0,299000.0,0.0,6500000.0,2574000.0,165000.0,11500000.0,-16.290154000000015,-63.588653000000015
18,Bosnia and Herzegovina,26.0,19,33,72.77049180327869,68.0,78.0,172.327868852459,139.0,209.0,68.63934426229508,57,86,72.34426229508196,61,86,1.2131147540983607,1.0,3.0,14868.852459016394,1000.0,180000.0,3682377.049180328,120000.0,44000000.0,6462614.03508772,174000.0,72600000.0,43.91588599999995,17.679076
19,Botswana,20.0,20,20,69.0,69.0,69.0,139.0,139.0,139.0,56.0,56,56,68.0,68,68,1.0,1.0,1.0,1000.0,1000.0,1000.0,160000.0,160000.0,160000.0,312000.0,312000.0,312000.0,-22.328474,24.684866
20,Brazil,27.62515114873035,17,40,71.24848484848485,62.0,78.0,167.58060606060607,128.0,212.0,71.2515114873035,48,92,73.35187424425635,59,93,1.1636363636363636,1.0,5.0,17778.718258766625,1000.0,340000.0,4602629.987908102,0.0,118500000.0,8899398.47715736,147000.0,228100000.0,-14.235004000000087,-51.92528000000046
21,Bulgaria,26.84375,21,35,71.53125,66.0,77.0,162.53125,132.0,194.0,64.875,56,76,67.40625,57,77,1.0625,1.0,2.0,1000.0,0.0,8000.0,699218.75,0.0,7500000.0,3320333.3333333335,176000.0,15800000.0,42.73388300000003,25.485829999999993
22,Burkina Faso,25.125,19,32,70.875,67.0,74.0,160.8125,132.0,179.0,68.5625,61,78,73.125,64,84,1.25,1.0,3.0,12062.5,2000.0,57000.0,2887500.0,350000.0,14000000.0,5445812.5,531000.0,27700000.0,12.238333000000003,-1.5615929999999996
23,Burundi,23.333333333333332,18,28,70.0,68.0,71.0,169.0,154.0,181.0,62.333333333333336,51,71,69.33333333333333,65,76,1.3333333333333333,1.0,2.0,10666.666666666666,1000.0,25000.0,1268333.3333333333,80000.0,3200000.0,2438666.6666666665,150000.0,6300000.0,-3.3730559999999996,29.918885999999997
24,Cameroon,24.555555555555557,18,34,72.02222222222223,66.0,76.0,173.07777777777778,132.0,209.0,67.9888888888889,55,80,73.0111111111111,63,85,1.2222222222222223,1.0,3.0,10966.666666666666,0.0,99000.0,2636111.111111111,0.0,18000000.0,5000400.0,264000.0,37400000.0,7.3697220000000145,12.354722000000015
25,Canada,24.25,17,38,71.203125,65.0,77.0,169.984375,146.0,201.0,62.9375,47,75,69.21875,57,87,1.015625,1.0,2.0,3812.5,0.0,44000.0,925937.5,0.0,9500000.0,1857741.3793103448,13000.0,20000000.0,56.13036599999997,-106.34677100000016
26,Cape Verde,27.42105263157895,20,34,71.84210526315789,68.0,76.0,170.94736842105263,146.0,194.0,71.63157894736842,65,79,73.73684210526316,67,87,1.105263157894737,1.0,2.0,11526.315789473685,1000.0,53000.0,4426578.947368421,230000.0,14500000.0,8849263.157894736,483000.0,31500000.0,16.002081999999998,-24.013196999999995
27,Central African Republic,25.666666666666668,25,27,74.0,73.0,75.0,181.33333333333334,176.0,185.0,73.33333333333333,68,82,76.0,71,85,1.3333333333333333,1.0,2.0,19000.0,3000.0,46000.0,10050000.0,950000.0,27500000.0,21700000.0,1700000.0,59800000.0,6.611111,20.939444
28,Chad,22.5,20,25,72.5,72.0,73.0,175.5,172.0,179.0,70.0,67,73,78.0,78,78,1.0,1.0,1.0,12000.0,4000.0,20000.0,3400000.0,1300000.0,5500000.0,7150000.0,2900000.0,11400000.0,15.454166,18.732207
29,Chile,25.074168797953963,17,38,69.4020618556701,63.0,78.0,160.25515463917526,115.0,207.0,64.9923273657289,47,85,70.6854219948849,57,85,1.0824742268041236,1.0,4.0,5176.470588235294,1000.0,215000.0,1343171.3554987211,40000.0,37500000.0,2321176.1363636362,62000.0,69400000.0,-35.67514699999993,-71.54296899999933
30,China,26.084183673469386,17,39,71.58974358974359,65.0,77.0,162.8128205128205,130.0,212.0,59.910714285714285,47,76,63.71938775510204,51,79,1.005128205128205,1.0,2.0,3125.0,1000.0,19000.0,355420.9183673469,10000.0,9000000.0,796470.8994708995,22000.0,20500000.0,35.861660000000086,104.19539700000036
31,Colombia,25.241100323624597,16,40,70.42045454545455,63.0,77.0,162.5957792207792,121.0,207.0,65.57605177993527,48,88,71.042071197411,56,89,1.0535714285714286,1.0,4.0,5415.857605177994,1000.0,315000.0,1785946.6019417476,0.0,69500000.0,2663312.2807017546,54000.0,65500000.0,4.570867999999954,-74.29733300000026
32,Comoros,26.5,24,30,68.16666666666667,66.0,71.0,150.16666666666666,141.0,165.0,67.5,60,73,69.33333333333333,60,74,1.0,1.0,1.0,4500.0,1000.0,8000.0,1391666.6666666667,200000.0,4000000.0,2141666.6666666665,350000.0,5200000.0,-11.875001,43.872219
33,Congo [DRC],25.75,19,32,71.61538461538461,66.0,78.0,168.6346153846154,130.0,212.0,69.21153846153847,56,82,72.38461538461539,61,83,1.0961538461538463,1.0,2.0,13769.23076923077,1000.0,76000.0,3160480.769230769,120000.0,26000000.0,6287833.333333333,219000.0,59200000.0,-4.038332999999996,21.75866399999998
34,Congo [Republic],23.96,18,30,72.52,69.0,77.0,173.92,139.0,196.0,63.92,53,75,69.64,61,77,1.04,1.0,2.0,4440.0,1000.0,21000.0,978400.0,100000.0,8000000.0,1937409.0909090908,183000.0,16600000.000000002,-0.228021,15.827658999999997
35,Costa Rica,26.4,19,33,71.66666666666667,68.0,77.0,167.6,132.0,203.0,68.86666666666666,59,87,71.63333333333334,62,87,1.1666666666666667,1.0,3.0,13566.666666666666,1000.0,195000.0,2910666.6666666665,260000.0,30500000.0,5365966.666666667,390000.0,62500000.0,9.748917000000004,-83.753428
36,Croatia,24.88095238095238,17,38,73.0,67.0,81.0,174.4126984126984,130.0,218.0,69.56349206349206,50,91,74.4920634920635,55,91,1.2777777777777777,1.0,4.0,21682.539682539682,1000.0,420000.0,5223849.206349206,40000.0,67000000.0,9489575.221238937,73000.0,137400000.0,45.10000000000006,15.200000000000031
37,Cuba,23.75,18,32,70.25,65.0,76.0,157.0,126.0,194.0,66.0,60,76,72.75,64,76,1.0,1.0,1.0,3250.0,1000.0,8000.0,1487500.0,350000.0,4400000.0,2328250.0,534000.0,6600000.0,21.521757,-77.78116700000001
38,Curaçao,25.357142857142858,19,29,71.78571428571429,67.0,75.0,167.92857142857142,134.0,198.0,67.57142857142857,59,74,70.28571428571429,65,76,1.0,1.0,1.0,8857.142857142857,1000.0,46000.0,1648571.4285714286,180000.0,6500000.0,2449307.6923076925,351000.0,9900000.0,12.1696,-68.99
39,Cyprus,24.0,18,30,72.125,70.0,74.0,169.75,150.0,209.0,64.125,52,74,70.125,65,78,1.0,1.0,1.0,5250.0,1000.0,13000.0,1238125.0,90000.0,6000000.0,1998125.0,214000.0,9500000.0,35.12641300000001,33.429859
40,Czech Republic,26.76,18,38,72.7,66.0,81.0,174.63,134.0,225.0,69.51,55,82,72.78,59,86,1.14,1.0,4.0,7950.0,0.0,60000.0,2837200.0,0.0,19500000.0,5649419.354838709,88000.0,34600000.0,49.81749200000006,15.472962000000035
41,Côte d'Ivoire,25.18,18,34,71.1,65.0,77.0,167.11,121.0,205.0,69.39,56,82,74.12,59,88,1.19,1.0,3.0,12710.0,0.0,105000.0,3460200.0,0.0,28500000.0,7374469.879518072,218000.0,56300000.0,7.539988999999994,-5.547079999999999
42,Denmark,24.145833333333332,16,36,72.56716417910448,66.0,80.0,170.5910447761194,132.0,216.0,63.717261904761905,48,88,70.05059523809524,55,91,1.0686567164179104,1.0,3.0,6913.690476190476,1000.0,205000.0,1787351.1904761905,40000.0,73500000.0,3140944.099378882,58000.0,141500000.0,56.26391999999997,9.501784999999957
43,Dominican Republic,23.0,22,24,69.0,67.0,71.0,157.0,146.0,168.0,72.0,64,80,80.5,76,85,1.0,1.0,1.0,71000.0,2000.0,140000.0,10400000.0,800000.0,20000000.0,21950000.0,1400000.0,42500000.0,18.735692999999998,-70.162651
44,Ecuador,25.162790697674417,18,33,69.81395348837209,62.0,77.0,160.37209302325581,134.0,198.0,68.79069767441861,58,81,72.93023255813954,64,81,1.0930232558139534,1.0,2.0,11116.279069767443,0.0,120000.0,1987790.6976744186,0.0,10000000.0,5042142.857142857,414000.0,18500000.0,-1.8312389999999978,-78.18340600000008
45,Egypt,26.967741935483872,20,34,71.03225806451613,67.0,76.0,170.2258064516129,139.0,209.0,70.2258064516129,62,88,72.64516129032258,66,89,1.1935483870967742,1.0,3.0,16870.967741935485,0.0,255000.0,4295967.741935484,0.0,69500000.0,13184550.0,525000.0,137300000.0,26.820553000000015,30.802498000000007
46,El Salvador,26.2,21,33,69.2,67.0,70.0,161.2,146.0,181.0,66.0,63,70,69.6,64,75,1.0,1.0,1.0,2600.0,1000.0,5000.0,795000.0,325000.0,1400000.0,1435800.0,488000.0,2800000.0,13.794185000000002,-88.89653
47,Equatorial Guinea,25.4,21,33,71.0,68.0,73.0,167.6,159.0,183.0,70.0,67,77,75.2,68,80,1.2,1.0,2.0,17200.0,1000.0,65000.0,2790000.0,450000.0,9000000.0,5581600.0,608000.0,17800000.0,1.650801,10.267895
48,Eritrea,27.0,21,33,72.0,70.0,74.0,170.5,154.0,187.0,67.5,63,72,68.5,65,72,1.0,1.0,1.0,6000.0,4000.0,8000.0,1237500.0,475000.0,2000000.0,1671500.0,843000.0,2500000.0,15.179383999999999,39.782334000000006
49,Estonia,27.153846153846153,21,33,72.08333333333333,68.0,78.0,171.5,143.0,214.0,64.92307692307692,61,77,67.76923076923077,61,77,1.0833333333333333,1.0,2.0,3846.153846153846,1000.0,30000.0,792307.6923076923,240000.0,5000000.0,1271666.6666666667,325000.0,8500000.0,58.595272000000016,25.013607
50,Ethiopia,32.0,32,32,69.0,69.0,69.0,137.0,137.0,137.0,64.0,64,64,64.0,64,64,1.0,1.0,1.0,1000.0,1000.0,1000.0,250000.0,250000.0,250000.0,313000.0,313000.0,313000.0,9.145,40.489672999999996
51,Faroe Islands,24.166666666666668,20,26,73.33333333333333,70.0,78.0,179.66666666666666,159.0,209.0,62.5,50,67,66.16666666666667,64,68,1.0,1.0,1.0,2666.6666666666665,1000.0,5000.0,526666.6666666666,60000.0,900000.0,788600.0,113000.0,1300000.0,61.89263499999999,-6.9118059999999995
52,Fiji,30.0,30,30,67.0,67.0,67.0,154.0,154.0,154.0,71.0,71,71,71.0,71,71,1.0,1.0,1.0,4000.0,4000.0,4000.0,2300000.0,2300000.0,2300000.0,2900000.0,2900000.0,2900000.0,-16.578193,179.414413
53,Finland,24.761194029850746,17,35,72.26865671641791,66.0,79.0,172.1044776119403,139.0,214.0,64.02985074626865,50,84,69.85074626865672,57,84,1.044776119402985,1.0,2.0,5208.955223880597,0.0,74000.0,1454477.6119402985,0.0,22000000.0,2646375.0,167000.0,37400000.0,61.924109999999956,25.748151000000004
54,France,24.61597374179431,16,41,71.47530186608122,64.0,79.0,166.602634467618,121.0,216.0,67.79868708971554,50,89,73.44748358862144,55,95,1.2063666300768385,1.0,4.0,14053.610503282276,1000.0,240000.0,3679819.474835886,0.0,81000000.0,7394348.182883939,35000.0,166100000.0,46.227637999999445,2.2137490000000066
55,Gabon,26.066666666666666,21,35,70.26666666666667,66.0,74.0,164.93333333333334,141.0,190.0,69.46666666666667,58,88,72.26666666666667,59,88,1.2,1.0,3.0,26933.333333333332,1000.0,265000.0,6628333.333333333,120000.0,59000000.0,13606428.57142857,219000.0,112100000.0,-0.8036890000000002,11.609443999999998
56,Gambia,23.2,19,30,71.93333333333334,65.0,76.0,168.06666666666666,137.0,192.0,67.2,58,76,73.93333333333334,64,85,1.0,1.0,1.0,8133.333333333333,1000.0,28000.0,2031333.3333333333,170000.0,8500000.0,4233846.153846154,281000.0,15100000.0,13.443182000000006,-15.310138999999998
57,Georgia,24.03846153846154,18,31,71.61538461538461,67.0,77.0,166.34615384615384,137.0,194.0,68.34615384615384,58,76,73.8076923076923,65,86,1.0384615384615385,1.0,2.0,4192.307692307692,1000.0,13000.0,2268461.5384615385,180000.0,8500000.0,4404040.0,279000.0,18500000.0,42.31540700000002,43.35689200000001
58,Germany,24.33806343906511,17,39,72.32384937238494,65.0,78.0,172.31715481171548,128.0,236.0,66.08681135225376,47,90,71.69949916527545,57,92,1.1389121338912134,1.0,5.0,9639.398998330551,1000.0,355000.0,2529307.178631052,10000.0,76500000.0,4577843.61424848,15000.0,156800000.0,51.16569100000051,10.451526000000175
59,Ghana,23.657894736842106,17,33,70.05263157894737,64.0,76.0,160.8421052631579,121.0,203.0,67.04385964912281,51,82,73.08771929824562,61,88,1.1140350877192982,1.0,3.0,9614.035087719298,1000.0,65000.0,2551447.3684210526,50000.0,25500000.0,4574421.568627451,98000.0,57400000.0,7.946526999999978,-1.0231940000000028
60,Greece,24.480392156862745,17,39,72.00980392156863,65.0,78.0,171.3921568627451,137.0,203.0,69.06862745098039,53,85,74.42156862745098,63,87,1.1764705882352942,1.0,3.0,7803.921568627451,0.0,140000.0,3034264.705882353,0.0,37500000.0,6394520.408163265,57000.0,66599999.99999999,39.074208,21.824311999999995
61,Grenada,25.0,25,25,73.0,73.0,73.0,194.0,194.0,194.0,63.0,63,63,68.0,68,68,1.0,1.0,1.0,3000.0,3000.0,3000.0,425000.0,425000.0,425000.0,776000.0,776000.0,776000.0,12.262775999999999,-61.604170999999994
62,Guam,30.0,30,30,69.0,69.0,69.0,150.0,150.0,150.0,67.0,67,67,67.0,67,67,1.0,1.0,1.0,3000.0,3000.0,3000.0,550000.0,550000.0,550000.0,825000.0,825000.0,825000.0,13.444304,144.793731
63,Guatemala,26.666666666666668,22,32,74.0,72.0,76.0,171.66666666666666,154.0,187.0,63.666666666666664,58,68,67.66666666666667,67,68,1.0,1.0,1.0,1333.3333333333333,1000.0,2000.0,415000.0,170000.0,550000.0,618666.6666666666,281000.0,866000.0,15.783470999999999,-90.23075899999999
64,Guinea,24.677419354838708,19,33,71.16129032258064,66.0,76.0,166.83870967741936,123.0,205.0,68.12903225806451,59,83,72.87096774193549,65,88,1.1290322580645162,1.0,2.0,12225.806451612903,1000.0,120000.0,3423064.5161290322,210000.0,34000000.0,6729233.333333333,385000.0,67200000.0,9.945586999999994,-9.696644999999995
65,Guinea-Bissau,23.133333333333333,18,29,71.53333333333333,68.0,76.0,165.0,143.0,181.0,67.26666666666667,58,76,73.13333333333334,67,85,1.0,1.0,1.0,6333.333333333333,1000.0,48000.0,2221333.3333333335,220000.0,10500000.0,4556428.571428572,429000.0,23100000.0,11.803749000000002,-15.180412999999994
66,Guyana,27.333333333333332,20,35,72.33333333333333,69.0,76.0,166.0,154.0,172.0,61.666666666666664,57,65,66.33333333333333,63,70,1.0,1.0,1.0,1666.6666666666667,1000.0,2000.0,276666.6666666667,150000.0,500000.0,493000.0,263000.0,788000.0,4.860416000000001,-58.93018000000001
67,Haiti,23.9,20,30,71.5,69.0,76.0,172.7,150.0,205.0,63.4,52,73,69.9,60,78,1.0,1.0,1.0,3900.0,1000.0,17000.0,928500.0,70000.0,3000000.0,1675100.0,137000.0,5900000.0,18.971186999999997,-72.28521500000001
68,Honduras,26.8125,18,35,70.375,65.0,73.0,168.9375,150.0,190.0,69.1875,62,75,72.3125,62,82,1.125,1.0,2.0,7500.0,1000.0,26000.0,2527187.5,160000.0,9500000.0,4632266.666666667,240000.0,16300000.0,15.199998999999993,-86.24190500000002
69,Hong Kong,28.0,18,38,68.5,68.0,69.0,162.0,159.0,165.0,60.5,59,62,66.5,62,71,1.0,1.0,1.0,1500.0,1000.0,2000.0,145000.0,40000.0,250000.0,287000.0,86000.0,488000.0,22.396428,114.10949699999999
70,Hungary,25.526315789473685,17,31,72.21052631578948,68.0,76.0,169.55263157894737,141.0,203.0,69.23684210526316,51,80,73.21052631578948,64,83,1.1842105263157894,1.0,3.0,6631.578947368421,0.0,48000.0,1897500.0,0.0,13000000.0,6028428.571428572,152000.0,23100000.0,47.16249399999998,19.503303999999993
71,Iceland,25.872340425531913,18,35,72.68085106382979,67.0,77.0,173.4468085106383,148.0,194.0,66.8936170212766,54,82,71.38297872340425,64,82,1.127659574468085,1.0,3.0,8148.936170212766,0.0,125000.0,1638723.4042553192,0.0,22500000.0,4054882.3529411764,225000.0,42800000.0,64.96305100000004,-19.02083500000001
72,India,24.933333333333334,19,33,70.9,67.0,76.0,161.7,141.0,198.0,58.666666666666664,53,67,63.6,56,71,1.0,1.0,1.0,0.0,0.0,0.0,0.0,0.0,0.0,,,,20.593684000000007,78.96288000000003
73,Indonesia,17.0,17,17,65.0,65.0,65.0,141.0,141.0,141.0,56.0,56,56,74.0,74,74,1.0,1.0,1.0,1000.0,1000.0,1000.0,180000.0,180000.0,180000.0,356000.0,356000.0,356000.0,-0.789275,113.921327
74,Iran,25.235294117647058,21,31,71.94117647058823,69.0,76.0,169.88235294117646,152.0,198.0,68.82352941176471,61,77,72.76470588235294,64,80,1.0588235294117647,1.0,2.0,11294.117647058823,1000.0,51000.0,2627941.1764705884,270000.0,11500000.0,5011411.764705882,392000.0,22700000.0,32.427908,53.68804599999999
75,Iraq,25.142857142857142,22,29,71.0,69.0,73.0,158.71428571428572,148.0,170.0,67.0,58,72,71.14285714285714,64,75,1.0,1.0,1.0,5857.142857142857,2000.0,16000.0,1732857.142857143,230000.0,3900000.0,2562333.3333333335,380000.0,6300000.0,33.22319099999999,43.67929099999999
76,Ireland,24.668478260869566,16,38,71.29076086956522,65.0,78.0,164.39402173913044,128.0,223.0,60.88586956521739,47,80,66.88858695652173,54,84,1.0353260869565217,1.0,2.0,4986.413043478261,1000.0,97000.0,671657.6086956522,20000.0,11000000.0,1250497.0930232557,31000.0,20900000.0,53.41290999999948,-8.243890000000047
77,Israel,28.214285714285715,24,32,71.21428571428571,67.0,76.0,167.07142857142858,150.0,192.0,72.14285714285714,65,80,73.0,67,80,1.2142857142857142,1.0,2.0,15857.142857142857,1000.0,40000.0,4191071.4285714286,450000.0,14500000.0,8309307.692307692,821000.0,31200000.0,31.046050999999995,34.851611999999996
78,Italy,25.928774928774928,17,40,71.87410586552217,64.0,77.0,167.48068669527896,130.0,212.0,68.15811965811966,47,89,72.69088319088318,53,93,1.2074391988555078,1.0,4.0,13478.632478632479,1000.0,215000.0,3047571.225071225,10000.0,62000000.0,5548557.858376511,15000.0,105900000.0,41.87194000000065,12.567380000000204
79,Jamaica,28.125,19,35,71.28125,66.0,76.0,168.15625,132.0,223.0,66.625,53,81,68.71875,60,89,1.03125,1.0,2.0,8187.5,1000.0,54000.0,1901406.25,100000.0,26500000.0,3402781.25,175000.0,50400000.0,18.109581,-77.29750800000005
80,Japan,26.15899581589958,17,42,69.98117154811716,61.0,78.0,157.9518828451883,110.0,203.0,62.62133891213389,47,81,66.63389121338912,48,85,1.0585774058577406,1.0,3.0,3453.9748953974895,1000.0,65000.0,831422.5941422594,0.0,17500000.0,1253118.6813186812,13000.0,32200000.000000004,36.204824000000265,138.25292400000032
81,Jordan,23.0,23,23,69.0,69.0,69.0,165.0,165.0,165.0,63.0,63,63,70.0,70,70,1.0,1.0,1.0,1000.0,1000.0,1000.0,425000.0,425000.0,425000.0,616000.0,616000.0,616000.0,30.585164000000002,36.238414
82,Kazakhstan,26.25,24,29,69.75,69.0,70.0,159.5,148.0,174.0,64.75,62,68,66.5,65,70,1.0,1.0,1.0,2000.0,1000.0,4000.0,587500.0,325000.0,1100000.0,892750.0,496000.0,1700000.0,48.019573,66.923684
83,Kenya,24.8,19,33,71.7,67.0,76.0,167.5,132.0,196.0,65.4,56,80,70.3,63,82,1.1,1.0,2.0,11200.0,1000.0,86000.0,2261000.0,170000.0,14500000.0,4110500.0,292000.0,27900000.0,-0.023559,37.90619300000001
84,Kosovo,23.454545454545453,19,32,71.48484848484848,67.0,78.0,164.93939393939394,143.0,192.0,66.03030303030303,53,76,72.27272727272727,59,83,1.0303030303030303,1.0,2.0,6727.272727272727,1000.0,40000.0,1842424.2424242424,70000.0,11000000.0,3391875.0,116000.0,20900000.0,42.602636000000004,20.902976999999996
85,Kuwait,31.0,31,31,77.0,77.0,77.0,161.0,161.0,161.0,70.0,70,70,70.0,70,70,1.0,1.0,1.0,13000.0,13000.0,13000.0,1200000.0,1200000.0,1200000.0,2000000.0,2000000.0,2000000.0,29.311659999999996,47.481766
86,Latvia,29.0,20,38,75.0,73.0,78.0,191.83333333333334,179.0,205.0,63.166666666666664,53,70,66.33333333333333,54,78,1.0,1.0,1.0,2666.6666666666665,1000.0,5000.0,445833.3333333333,40000.0,1000000.0,718500.0,58000.0,1700000.0,56.879635,24.603189
87,Lebanon,29.0,29,29,74.0,74.0,74.0,176.0,176.0,176.0,66.0,66,66,66.0,66,66,1.0,1.0,1.0,2000.0,2000.0,2000.0,500000.0,500000.0,500000.0,625000.0,625000.0,625000.0,33.854721000000005,35.862285
88,Liberia,25.0,25,25,70.0,70.0,70.0,163.0,163.0,163.0,68.0,68,68,73.0,73,73,1.0,1.0,1.0,3000.0,3000.0,3000.0,1200000.0,1200000.0,1200000.0,1600000.0,1600000.0,1600000.0,6.4280550000000005,-9.429499
89,Libya,25.0,24,26,68.5,67.0,70.0,155.0,148.0,168.0,70.0,67,72,73.5,72,76,1.0,1.0,1.0,4750.0,4000.0,6000.0,2400000.0,1000000.0,3600000.0,4025000.0,2200000.0,6000000.0,26.3351,17.228331
90,Liechtenstein,25.333333333333332,22,27,69.33333333333333,69.0,70.0,164.0,157.0,172.0,64.66666666666667,57,71,67.66666666666667,66,71,1.0,1.0,1.0,5000.0,2000.0,10000.0,1078333.3333333333,160000.0,2400000.0,1881000.0,264000.0,4400000.0,47.166000000000004,9.555373
91,Lithuania,24.875,19,31,73.25,69.0,76.0,178.0,152.0,203.0,63.5,53,71,68.5,60,77,1.0,1.0,1.0,2875.0,1000.0,7000.0,875625.0,130000.0,2500000.0,1395000.0,244000.0,4200000.0,55.16943800000001,23.881274999999995
92,Luxembourg,23.25,18,28,72.375,69.0,75.0,168.5,143.0,190.0,63.875,57,71,71.375,63,78,1.0,1.0,1.0,4000.0,1000.0,10000.0,853750.0,150000.0,2200000.0,1594833.3333333333,363000.0,3500000.0,49.815273,6.129583
93,Macedonia [FYROM],25.1,18,34,71.8,67.0,77.0,165.65,137.0,198.0,68.0,50,77,72.5,63,83,1.05,1.0,2.0,7900.0,1000.0,30000.0,2778750.0,60000.0,12000000.0,5662684.2105263155,125000.0,27600000.0,41.608635000000014,21.745274999999996
94,Madagascar,27.5,21,34,70.75,66.0,74.0,166.41666666666666,141.0,183.0,66.91666666666667,60,76,68.83333333333333,63,77,1.0833333333333333,1.0,2.0,7750.0,1000.0,48000.0,1014166.6666666666,220000.0,2800000.0,1891166.6666666667,402000.0,4900000.0,-18.766947000000005,46.86910699999999
95,Mali,24.74418604651163,18,34,71.65116279069767,67.0,78.0,164.6046511627907,132.0,198.0,68.97674418604652,56,80,73.69767441860465,63,85,1.0232558139534884,1.0,2.0,10674.418604651162,1000.0,38000.0,2688372.093023256,160000.0,16000000.0,5607184.2105263155,200000.0,32000000.0,17.570692000000005,-3.9961659999999988
96,Malta,25.0,25,25,66.0,66.0,66.0,154.0,154.0,154.0,61.0,61,61,63.0,63,63,1.0,1.0,1.0,2000.0,2000.0,2000.0,300000.0,300000.0,300000.0,,,,35.937496,14.375416
97,Mauritania,23.0,20,26,71.25,67.0,79.0,174.25,159.0,212.0,64.5,62,67,70.0,66,74,1.0,1.0,1.0,2000.0,1000.0,4000.0,600000.0,375000.0,825000.0,971666.6666666666,684000.0,1500000.0,21.00789,-10.940835
98,Mauritius,26.0,26,26,73.0,73.0,73.0,194.0,194.0,194.0,68.0,68,68,69.0,69,69,1.0,1.0,1.0,4000.0,4000.0,4000.0,875000.0,875000.0,875000.0,1600000.0,1600000.0,1600000.0,-20.348404000000002,57.552152
99,Mexico,24.31967213114754,17,45,69.8082191780822,63.0,77.0,159.2219178082192,119.0,205.0,65.41803278688525,50,82,71.50819672131148,57,86,1.095890410958904,1.0,3.0,8825.136612021857,1000.0,90000.0,1684289.6174863388,20000.0,24000000.0,3104918.674698795,34000.0,44600000.0,23.634501000000235,-102.55278399999968
100,Moldova,23.6,17,31,73.6,71.0,79.0,170.4,152.0,198.0,66.2,51,74,73.2,67,79,1.2,1.0,2.0,11200.0,1000.0,27000.0,2359000.0,70000.0,6000000.0,4270400.0,152000.0,10200000.0,47.411631,28.369885
101,Montenegro,25.0,18,36,73.0,68.0,78.0,172.04347826086956,150.0,190.0,68.47826086956522,59,83,72.95652173913044,62,86,1.173913043478261,1.0,3.0,13086.95652173913,1000.0,79000.0,3405869.565217391,170000.0,26000000.0,7157650.0,324000.0,55300000.0,42.708677999999985,19.374390000000002
102,Montserrat,25.5,22,28,72.0,70.0,74.0,174.25,159.0,201.0,64.75,63,67,68.0,65,71,1.0,1.0,1.0,3000.0,2000.0,5000.0,587500.0,500000.0,800000.0,992250.0,656000.0,1400000.0,16.742498,-62.187366000000004
103,Morocco,25.894117647058824,18,36,71.17647058823529,65.0,76.0,164.52941176470588,137.0,207.0,69.94117647058823,52,86,73.31764705882352,58,86,1.1529411764705881,1.0,3.0,14847.058823529413,1000.0,160000.0,3948352.9411764704,20000.0,32500000.0,6912531.645569621,25000.0,49500000.0,31.791701999999994,-7.092620000000006
104,Mozambique,26.0,21,30,70.75,68.0,74.0,160.75,141.0,174.0,71.0,66,75,73.75,70,76,1.25,1.0,2.0,11000.0,2000.0,28000.0,2850000.0,700000.0,5000000.0,5800000.0,1500000.0,9500000.0,-18.665695,35.529562
105,Namibia,24.666666666666668,20,27,71.33333333333333,70.0,72.0,170.0,163.0,179.0,66.0,65,67,71.33333333333333,68,78,1.0,1.0,1.0,3333.3333333333335,1000.0,8000.0,783333.3333333334,450000.0,1000000.0,1500000.0,1000000.0,2100000.0,-22.957639999999998,18.49041
106,Netherlands,24.0,16,40,71.95132743362832,66.0,80.0,167.86725663716814,123.0,227.0,67.65342163355409,54,86,73.0242825607064,58,91,1.1504424778761062,1.0,4.0,10035.320088300221,1000.0,165000.0,2870154.5253863134,10000.0,44500000.0,5037802.816901408,15000.0,87900000.0,52.13263300000011,5.291265999999995
107,New Caledonia,30.0,30,30,72.0,72.0,72.0,192.0,192.0,192.0,71.0,71,71,71.0,71,71,1.0,1.0,1.0,9000.0,9000.0,9000.0,1800000.0,1800000.0,1800000.0,3500000.0,3500000.0,3500000.0,-20.904304999999997,165.618042
108,New Zealand,24.25,16,36,71.72727272727273,66.0,77.0,168.45454545454547,141.0,209.0,62.61363636363637,52,77,68.06818181818181,61,80,1.0227272727272727,1.0,2.0,4454.545454545455,0.0,68000.0,957727.2727272727,0.0,10500000.0,2139911.7647058824,63000.0,20700000.0,-40.900556999999985,174.8859709999999
109,Nicaragua,29.0,29,29,71.0,71.0,71.0,190.0,190.0,190.0,64.0,62,66,64.0,62,66,1.0,1.0,1.0,1000.0,1000.0,1000.0,400000.0,300000.0,500000.0,675000.0,675000.0,675000.0,12.865416,-85.207229
110,Niger,24.666666666666668,21,29,72.33333333333333,71.0,74.0,167.66666666666666,157.0,176.0,62.333333333333336,54,67,66.66666666666667,63,71,1.0,1.0,1.0,3666.6666666666665,1000.0,6000.0,578333.3333333334,110000.0,1000000.0,1120000.0,160000.0,2100000.0,17.607789,8.081666
111,Nigeria,23.06611570247934,17,34,71.60330578512396,65.0,79.0,168.05785123966942,130.0,209.0,67.14876033057851,48,80,73.86776859504133,61,86,1.0495867768595042,1.0,2.0,9859.504132231405,1000.0,105000.0,2534462.8099173554,60000.0,17000000.0,4747082.568807339,143000.0,33600000.0,9.081998999999998,8.675277000000023
112,North Korea,28.5,19,36,70.75,68.0,74.0,168.0,154.0,183.0,65.5,58,71,69.5,58,83,1.25,1.0,2.0,4250.0,1000.0,7000.0,950000.0,50000.0,1900000.0,884666.6666666666,63000.0,1600000.0,40.339852,127.510093
113,Norway,24.052785923753667,16,40,71.94134897360703,65.0,79.0,168.0674486803519,117.0,214.0,63.16129032258065,50,83,69.43695014662757,58,87,1.0117302052785924,1.0,2.0,3340.1759530791787,1000.0,54000.0,1007434.0175953079,0.0,17500000.0,1587528.5285285285,58000.0,36800000.0,60.472023999999934,8.468945999999969
114,Oman,36.0,36,36,76.0,76.0,76.0,205.0,205.0,205.0,72.0,72,72,72.0,72,72,2.0,2.0,2.0,12000.0,12000.0,12000.0,425000.0,425000.0,425000.0,723000.0,723000.0,723000.0,21.512583,55.923255000000005
115,Palestinian Territories,31.0,31,31,72.0,72.0,72.0,165.0,165.0,165.0,66.0,66,66,66.0,66,66,1.0,1.0,1.0,2000.0,2000.0,2000.0,575000.0,575000.0,575000.0,719000.0,719000.0,719000.0,31.952162,35.233154
116,Panama,26.4,21,34,71.53333333333333,67.0,76.0,172.2,141.0,194.0,67.66666666666667,64,72,70.33333333333333,67,80,1.0,1.0,1.0,3066.6666666666665,1000.0,6000.0,1163333.3333333333,450000.0,3900000.0,1866866.6666666667,641000.0,6600000.0,8.537981,-80.78212699999997
117,Paraguay,26.094117647058823,19,41,70.63095238095238,65.0,75.0,168.35714285714286,137.0,207.0,69.61176470588235,51,80,72.94117647058823,62,85,1.0714285714285714,1.0,2.0,9117.64705882353,0.0,80000.0,2688647.0588235296,0.0,19500000.0,6340491.525423729,138000.0,40300000.0,-23.44250299999999,-58.44383199999995
118,Peru,25.864864864864863,21,39,70.0,66.0,74.0,162.21621621621622,134.0,185.0,70.21621621621621,61,79,73.64864864864865,68,79,1.135135135135135,1.0,3.0,7432.4324324324325,0.0,41000.0,2568243.243243243,0.0,11000000.0,5034384.615384615,788000.0,15800000.0,-9.189967000000005,-75.01515199999996
119,Philippines,23.5,19,28,73.5,72.0,75.0,183.0,170.0,196.0,65.0,57,73,71.5,68,75,1.0,1.0,1.0,14500.0,1000.0,28000.0,1725000.0,150000.0,3300000.0,3562500.0,225000.0,6900000.0,12.879721,121.77401699999999
120,Poland,24.56,16,38,72.08045977011494,66.0,78.0,167.75574712643677,119.0,205.0,63.22857142857143,48,90,68.82,50,90,1.0833333333333333,1.0,4.0,5131.428571428572,0.0,205000.0,1340771.4285714286,0.0,77000000.0,2352721.5568862273,27000.0,127100000.0,51.919438000000405,19.145136000000075
121,Portugal,25.76086956521739,17,37,70.9968944099379,63.0,77.0,162.83540372670808,117.0,216.0,71.34472049689441,57,94,75.29813664596273,62,94,1.2267080745341614,1.0,5.0,14310.55900621118,0.0,405000.0,5063664.596273292,0.0,77000000.0,10448755.172413792,242000.0,127100000.0,39.39987199999997,-8.224454000000009
122,Puerto Rico,34.0,34,34,70.0,70.0,70.0,170.0,170.0,170.0,63.0,63,63,63.0,63,63,1.0,1.0,1.0,2000.0,2000.0,2000.0,110000.0,110000.0,110000.0,165000.0,165000.0,165000.0,18.220833,-66.590149
123,Qatar,24.0,24,24,72.0,72.0,72.0,170.0,170.0,170.0,63.0,63,63,68.0,68,68,1.0,1.0,1.0,1000.0,1000.0,1000.0,425000.0,425000.0,425000.0,563000.0,563000.0,563000.0,25.354826,51.183884
124,Romania,25.40740740740741,17,34,71.27777777777777,65.0,80.0,166.12962962962962,143.0,212.0,69.16666666666667,54,80,73.66666666666667,65,82,1.1296296296296295,1.0,2.0,8166.666666666667,0.0,57000.0,2166111.111111111,0.0,11500000.0,5592000.0,193000.0,22700000.0,45.943160999999996,24.966760000000015
125,Russia,24.962025316455698,18,34,72.34177215189874,67.0,77.0,169.54430379746836,139.0,209.0,70.0632911392405,57,82,75.34177215189874,60,86,1.2025316455696202,1.0,3.0,3316.4556962025317,0.0,61000.0,3238227.8481012657,0.0,18500000.0,7955880.597014925,186000.0,40700000.0,61.52401000000007,105.31875599999988
126,Rwanda,21.0,21,21,71.0,71.0,71.0,170.0,170.0,170.0,63.0,63,63,71.0,71,71,1.0,1.0,1.0,2000.0,2000.0,2000.0,475000.0,475000.0,475000.0,784000.0,784000.0,784000.0,-1.940278,29.873888
127,Saint Kitts and Nevis,26.333333333333332,24,29,73.0,70.0,76.0,161.0,141.0,194.0,62.0,56,71,63.333333333333336,56,72,1.0,1.0,1.0,10000.0,1000.0,26000.0,1023333.3333333334,70000.0,2800000.0,1996000.0,123000.0,5500000.0,17.357822,-62.782998
128,Saint Lucia,24.0,24,24,72.0,72.0,72.0,165.0,165.0,165.0,64.0,64,64,68.0,68,68,1.0,1.0,1.0,1000.0,1000.0,1000.0,500000.0,500000.0,500000.0,,,,13.909444,-60.97889300000001
129,Saudi Arabia,24.558823529411764,18,41,69.59347181008901,63.0,77.0,154.54302670623144,110.0,212.0,60.76764705882353,50,74,66.36764705882354,52,79,1.0148367952522255,1.0,2.0,5117.64705882353,1000.0,33000.0,416602.9411764706,0.0,5500000.0,751466.4536741214,17000.0,9400000.0,23.885941999999904,45.079162
130,Senegal,25.361538461538462,18,35,72.57692307692308,66.0,80.0,169.16923076923078,123.0,209.0,68.61538461538461,51,87,72.92307692307692,60,90,1.1692307692307693,1.0,3.0,14361.538461538461,1000.0,195000.0,3545076.923076923,70000.0,52000000.0,6517263.157894737,156000.0,102700000.0,14.497401000000032,-14.452361999999995
131,Serbia,25.642857142857142,18,34,73.0079365079365,65.0,80.0,173.5952380952381,132.0,209.0,69.92857142857143,56,85,73.65079365079364,61,90,1.1904761904761905,1.0,3.0,13404.761904761905,1000.0,165000.0,4157817.4603174604,110000.0,50500000.0,7278137.931034483,182000.0,89600000.0,44.01652099999989,21.005859000000008
132,Sierra Leone,24.833333333333332,20,33,72.66666666666667,70.0,76.0,167.66666666666666,154.0,187.0,65.33333333333333,57,74,70.83333333333333,66,74,1.0,1.0,1.0,4000.0,1000.0,9000.0,1092500.0,180000.0,3500000.0,1742833.3333333333,455000.0,5300000.0,8.460555000000001,-11.779888999999999
133,Slovakia,26.27777777777778,20,38,72.48148148148148,66.0,77.0,171.2962962962963,137.0,201.0,68.4074074074074,56,87,72.79629629629629,62,92,1.1296296296296295,1.0,3.0,11000.0,1000.0,125000.0,3826111.111111111,50000.0,46500000.0,7595760.0,68000.0,88400000.0,48.669026000000024,19.699024000000005
134,Slovenia,26.472727272727273,18,35,72.38181818181818,67.0,78.0,172.1090909090909,148.0,205.0,69.52727272727273,56,90,72.74545454545455,62,93,1.2545454545454546,1.0,3.0,11127.272727272728,0.0,110000.0,4469545.454545454,0.0,68000000.0,9626895.833333334,208000.0,144500000.0,46.15124100000002,14.995462999999983
135,South Africa,26.422535211267604,16,34,69.40845070422536,64.0,76.0,157.07042253521126,128.0,194.0,67.47887323943662,52,76,70.54929577464789,61,84,1.0140845070422535,1.0,2.0,2464.788732394366,0.0,21000.0,1138169.014084507,0.0,7000000.0,3092727.272727273,264000.0,14500000.0,-30.55948199999995,22.93750599999999
136,South Korea,26.35223880597015,17,39,71.45045045045045,67.0,77.0,163.31831831831832,132.0,205.0,64.1820895522388,50,84,67.51940298507462,57,88,1.0690690690690692,1.0,3.0,3065.6716417910447,1000.0,125000.0,870955.223880597,40000.0,37000000.0,1346139.6825396826,50000.0,71200000.0,35.90775700000024,127.76692200000026
137,Spain,25.325559701492537,16,39,71.09897292250234,65.0,78.0,163.07002801120447,123.0,212.0,69.69869402985074,51,91,74.61660447761194,57,93,1.1802054154995332,1.0,4.0,16322.76119402985,1000.0,380000.0,4390718.2835820895,60000.0,73500000.0,9101547.227926077,93000.0,156200000.0,40.46366700000088,-3.749220000000058
138,Sudan,26.0,23,32,72.25,67.0,79.0,158.0,143.0,187.0,62.0,60,65,65.25,60,72,1.0,1.0,1.0,4500.0,2000.0,10000.0,407500.0,120000.0,775000.0,740500.0,198000.0,1600000.0,12.862807,30.217636
139,Suriname,25.25,21,29,72.0,70.0,75.0,168.5,154.0,187.0,67.0,65,70,69.5,67,72,1.0,1.0,1.0,3000.0,2000.0,5000.0,868750.0,575000.0,1400000.0,1344250.0,877000.0,2100000.0,3.9193050000000005,-56.02778299999999
140,Sweden,24.838790931989923,16,37,72.00757575757575,65.0,80.0,169.1489898989899,128.0,212.0,63.622166246851386,47,85,68.93954659949623,52,85,1.0555555555555556,1.0,5.0,4075.5667506297227,0.0,91000.0,1137481.1083123425,0.0,26000000.0,1836007.8125,13000.0,46200000.0,60.128161000000304,18.64350099999981
141,Switzerland,24.64090909090909,17,36,71.7909090909091,66.0,78.0,169.21363636363637,137.0,212.0,65.47727272727273,50,83,71.98181818181818,59,87,1.1772727272727272,1.0,3.0,10154.545454545454,1000.0,130000.0,2119545.4545454546,50000.0,22000000.0,3919448.7804878047,83000.0,43500000.0,46.81818799999996,8.227511999999981
142,Syria,26.0,20,35,70.66666666666667,66.0,75.0,165.66666666666666,139.0,190.0,68.55555555555556,56,78,71.44444444444444,64,80,1.1111111111111112,1.0,2.0,13333.333333333334,1000.0,47000.0,2983888.888888889,130000.0,10500000.0,5112777.777777778,189000.0,17900000.0,34.802075,38.996815000000005
143,São Tomé and Príncipe,31.0,31,31,69.0,69.0,69.0,154.0,154.0,154.0,72.0,72,72,72.0,72,72,1.0,1.0,1.0,15000.0,15000.0,15000.0,2800000.0,2800000.0,2800000.0,4200000.0,4200000.0,4200000.0,0.18636,6.613081
144,Tanzania,22.0,19,25,69.66666666666667,67.0,72.0,157.0,143.0,176.0,67.0,62,76,74.0,71,79,1.0,1.0,1.0,7000.0,1000.0,18000.0,3675000.0,500000.0,10000000.0,5881666.666666667,900000.0,15800000.0,-6.369028,34.888822
145,Thailand,25.0,21,30,67.2,62.0,71.0,142.8,123.0,157.0,62.4,56,68,66.2,62,70,1.0,1.0,1.0,2400.0,1000.0,6000.0,490000.0,160000.0,975000.0,639400.0,232000.0,1300000.0,15.870032,100.992541
146,Togo,28.25,23,34,71.08333333333333,64.0,76.0,165.5,141.0,205.0,71.33333333333333,63,79,72.91666666666667,65,81,1.3333333333333333,1.0,3.0,16000.0,1000.0,34000.0,3770833.3333333335,400000.0,10500000.0,7823727.2727272725,730000.0,21800000.0,8.619542999999998,0.8247820000000002
147,Trinidad and Tobago,31.75,26,44,71.75,68.0,76.0,169.0,154.0,185.0,66.75,53,74,66.75,53,74,1.0,1.0,1.0,9000.0,1000.0,18000.0,2450000.0,0.0,6000000.0,5166666.666666667,1200000.0,9600000.0,10.691803,-61.222503
148,Tunisia,26.46875,18,35,71.84375,67.0,76.0,169.21875,143.0,192.0,68.25,59,77,71.3125,61,81,1.0625,1.0,2.0,9218.75,1000.0,42000.0,2073125.0,120000.0,10000000.0,3892758.620689655,192000.0,20800000.0,33.88691700000001,9.537499000000002
149,Turkey,24.712871287128714,16,38,71.25082508250826,65.0,78.0,164.05610561056105,121.0,209.0,66.07260726072607,50,81,71.7887788778878,58,87,1.0924092409240924,1.0,3.0,10442.244224422442,1000.0,120000.0,1882392.7392739274,30000.0,19500000.0,3606566.552901024,65000.0,34600000.0,38.96374499999974,35.24332200000013
150,Uganda,23.833333333333332,19,30,70.16666666666667,67.0,74.0,168.5,157.0,190.0,62.5,54,70,68.33333333333333,64,74,1.0,1.0,1.0,2000.0,1000.0,5000.0,553333.3333333334,150000.0,1300000.0,939333.3333333334,310000.0,2000000.0,1.373333,32.290275
151,Ukraine,25.136986301369863,17,35,72.54794520547945,66.0,78.0,168.32876712328766,132.0,198.0,70.42465753424658,52,82,75.0958904109589,60,88,1.1232876712328768,1.0,3.0,5986.301369863014,1000.0,92000.0,4092328.7671232875,100000.0,21000000.0,8310638.888888889,216000.0,44100000.0,48.379433000000034,31.16558000000002
152,United Arab Emirates,26.0,26,26,68.0,68.0,68.0,132.0,132.0,132.0,77.0,77,77,78.0,78,78,2.0,2.0,2.0,39000.0,39000.0,39000.0,10500000.0,10500000.0,10500000.0,18600000.0,18600000.0,18600000.0,23.424076,53.847818000000004
153,United Kingdom,24.225776541492813,16,44,71.43575418994413,63.0,80.0,163.90595903165735,126.0,243.0,63.547056096430225,46,89,70.035234121465,48,91,1.0633147113594041,1.0,4.0,9695.410292072324,0.0,355000.0,1454140.0092721372,0.0,83500000.0,2955756.994818653,18000.0,160700000.0,55.37805100000298,-3.4359729999998847
154,United States,25.090651558073656,16,39,71.8243626062323,65.0,78.0,171.81869688385268,134.0,236.0,65.1728045325779,50,79,70.51558073654391,55,87,1.0538243626062322,1.0,3.0,4257.790368271954,1000.0,51000.0,1183696.8838526912,50000.0,18000000.0,1937056.5476190476,85000.0,34200000.0,37.090239999999966,-95.71289099999953
155,Uruguay,26.610738255033556,18,37,70.84563758389261,62.0,77.0,165.30872483221478,132.0,212.0,70.42953020134229,54,91,73.38255033557047,58,91,1.1812080536912752,1.0,5.0,17006.71140939597,0.0,455000.0,4811073.825503356,0.0,80000000.0,9379157.894736841,100000.0,164000000.0,-32.52277899999992,-55.7658350000001
156,Uzbekistan,29.5,29,30,71.5,71.0,72.0,164.0,163.0,165.0,67.5,60,75,67.5,60,75,1.0,1.0,1.0,9000.0,1000.0,17000.0,3100000.0,200000.0,6000000.0,6725000.0,250000.0,13200000.0,41.377491,64.585262
157,Venezuela,24.313432835820894,18,34,70.72727272727273,63.0,78.0,164.65151515151516,121.0,216.0,67.26865671641791,53,81,73.14925373134328,55,84,1.106060606060606,1.0,2.0,6194.0298507462685,0.0,42000.0,2237313.432835821,0.0,22500000.0,4093057.6923076925,108000.0,35400000.0,6.4237499999999965,-66.58973000000003
158,Zambia,22.22222222222222,18,29,70.88888888888889,67.0,75.0,162.0,141.0,201.0,65.22222222222223,56,73,73.77777777777777,66,83,1.0,1.0,1.0,3444.4444444444443,1000.0,7000.0,1129444.4444444445,190000.0,3500000.0,2174000.0,356000.0,6600000.0,-13.133897000000001,27.849332
159,Zimbabwe,26.846153846153847,22,34,70.23076923076923,66.0,74.0,164.0,132.0,185.0,69.76923076923077,64,78,72.46153846153847,66,83,1.0,1.0,1.0,6846.153846153846,1000.0,27000.0,2780769.230769231,475000.0,12000000.0,5319384.615384615,594000.0,18900000.0,-19.015437999999996,29.154856999999996
